Âge,Revenu,Score,Fidèle
34,143.11194145614547,30.26884903161583,1
54,129.4125837508061,50.547583913873254,0
37,59.960296774058214,66.8387607336783,0
20,68.99488681883159,78.96701524034819,1
54,72.14910814804117,20.297288021758717,1
43,99.53422614480948,40.84783090974209,0
32,53.71742344045287,63.05603131278563,1
68,145.84863374103867,62.62989433292056,0
65,97.17236978147263,71.01011479570113,1
25,68.91922393005302,44.3082864694578,1
30,102.0763250913616,63.242340087114854,0
65,68.37967642151054,35.18294219476611,0
20,125.40241693222156,34.94977715227644,0
18,91.65852967448237,66.12511707380855,0
26,20.666017959819044,74.83780680362727,0
48,38.8621771021672,29.631997334503033,1
58,131.77418635898718,29.823192152337867,0
43,90.99147655816664,65.22421531683604,1
34,143.29636932937717,41.607660182691646,0
51,24.777012236192448,51.39192817928915,1
26,54.86018506160648,52.05987581180623,0
68,41.1283553873423,34.28422874279331,0
30,89.76843945087938,20.105170674450115,1
22,66.67703219578776,88.25214479752059,0
58,36.23192710031309,77.20015751181506,1
30,101.77150838453883,75.24308464924525,1
18,87.40027938262017,63.720411049065575,1
42,52.08939392500063,76.07757236624963,0
64,79.76913330062101,94.85507020381006,0
21,115.67467253056058,73.2538988983433,0
53,42.7116760643389,41.207312154195996,1
69,54.54227580473343,65.64480413927184,0
27,61.724983257705546,55.38595226929681,0
45,115.80806902213926,64.51353048897195,0
23,129.33455093937243,61.40883819302601,0
44,65.81244701961747,88.70202281827719,0
29,55.04381634757896,72.14400827048536,0
69,135.07531237747642,35.10067823472831,0
65,149.91426584601163,25.041342310029666,0
20,105.49774135434288,53.949103094507755,0
63,148.6473830235394,21.24884978061834,1
50,104.09544750325784,45.463790866666855,0
27,114.01713672105636,49.441717555138055,0
48,67.46856020837434,50.047109920793915,0
32,73.45061884487222,98.34800194591142,0
24,34.458314638568346,44.312070157797464,0
53,126.07125199329164,41.218199630289696,1
31,140.69296916977203,30.350474485403296,1
65,99.16414804870513,60.88070685460902,0
31,61.3923866401288,32.293944497089655,1
20,35.79220392553945,69.30357701846276,0
66,50.796091010217516,32.412782315067965,0
63,49.480406814998844,66.1338654207361,1
67,97.82626436208237,86.1015391339701,1
20,142.5800578240866,23.40197068152741,1
39,21.516704739327498,53.57975799345647,0
36,15.13801044525048,56.88391737750684,0
52,96.02456248243395,83.28577147824899,1
29,53.34816238076156,57.43325055564354,1
22,133.8740262157592,65.40286291650561,0
27,59.178791567285295,83.2963402870457,1
58,54.11457607140006,64.78067943434326,1
50,51.38393386447013,48.66395308156659,0
30,34.555131681212956,26.867382209646582,1
52,93.50661402740992,78.39325036100621,1
68,37.70883631511835,89.6910520129724,0
49,72.32520657168926,97.60516296161312,1
28,77.2312270545126,94.12799046172546,0
65,17.766426328526553,83.7934327066599,0
55,17.268982775854237,71.47775457965825,1
41,85.22871298217194,82.51681166645108,1
52,108.96468885093286,54.566697028165436,1
36,142.18923510785464,67.5820971832668,1
23,39.18110336118894,47.89598473113482,1
57,28.939939273871147,46.13673719843062,1
62,22.031867435165374,80.5353418620827,0
61,73.86561369324829,56.31462258428493,1
59,99.12489459035417,36.972901034482334,1
52,128.47470316142068,36.15505295534927,0
21,107.15705910957273,88.7337889255947,1
50,43.12870652510574,74.22083954901369,1
30,77.33899946349766,63.68368586864926,1
53,137.89675675166848,52.075098879708754,0
60,59.11004343444512,54.46539126297006,1
36,82.32859928741075,24.594815535595504,0
60,144.40632017689907,56.392811589427424,0
29,114.18558075244918,83.63639284976655,1
28,115.94495206162841,51.038918407625786,1
23,49.065090595785726,50.68650020346063,0
29,70.98424597119231,21.257326641543024,0
44,26.116192018057433,56.62682100464549,1
58,96.88099205182205,22.027012235837347,1
42,29.003572213236716,65.62795424070089,1
59,127.8477935978039,60.54267052658513,1
20,124.96476124769957,87.20067991391991,0
20,87.03668865151178,66.5424488740577,0
37,34.05741448159901,45.87418842577722,0
45,18.453162731347703,61.29848075335313,0
40,122.55567011824728,75.97650845999351,0
65,96.01896523381262,27.517103632830626,0
20,110.97550096096425,69.6859270776347,1
59,56.013961974409625,93.33010255823834,0
41,83.78016960892846,43.93042365049955,1
60,115.86851302285281,70.13000759011298,1
57,77.44604662236294,85.70635602801948,1
23,96.18687007377868,60.94451179508993,1
37,121.6133153440749,77.4383627216308,1
28,44.05478711096114,44.88082707914081,0
49,23.90040006326011,44.48467623401158,0
44,86.7961739594587,73.40672174388486,0
38,23.386979047212925,76.43270991787871,0
61,118.48523473951168,94.9607759609715,1
65,112.09354543056146,37.987085977437964,1
67,134.0312106478151,57.45740768703753,1
30,101.34088323458468,40.04107785311131,0
39,24.07167205157046,26.407372870419632,1
52,49.17553694109835,52.258442235799016,0
64,124.0707990159671,49.92645978305626,1
39,37.562876337334345,41.634729598575035,0
45,109.29486315500979,43.75959129115331,0
38,120.33500967426453,48.83294450810225,0
63,59.565092710457556,99.10701062240749,1
35,58.51015890939264,82.6366212773824,0
48,90.30336196323483,25.712096086952556,0
63,131.27365492189313,89.79305411893614,1
54,45.22733725831988,70.66426611189371,1
38,142.06985646572434,91.24750080975274,0
31,95.88102245071461,47.336774970418254,1
42,148.9370736325573,57.1615091849375,0
44,27.097852739368555,91.69816458464867,0
57,32.085888428412474,41.80585087309452,0
40,126.59664350132017,93.24007009963323,0
48,131.74204590651965,86.27997697154154,1
64,75.13692293007608,98.44463527274347,1
46,111.39960877921521,45.940606961309044,0
64,132.12023380514768,38.86025440038267,1
47,20.82225140954187,46.46935176365825,1
68,92.48330710408992,96.37198367909882,0
43,130.2198899810761,46.64586368423532,0
37,68.75091751894462,65.21694559657905,1
55,55.821786825177625,52.294342606921134,1
36,122.42040248780307,51.69761155854247,1
44,60.33118877288288,35.47028879032442,1
42,15.428530254907933,62.9663632638072,0
57,144.54229932992388,87.95234039737655,1
55,94.9366369073875,23.958801084309663,0
69,125.6349190258596,91.13812749307372,1
40,126.41571091626646,73.23783721098395,1
46,23.96540675031893,69.33904644599224,0
32,38.06612691717275,70.07201863391938,0
20,57.001291902552396,43.70158687635755,1
27,58.29440348057858,53.21156030946302,0
32,103.93612588692324,83.94320047233717,1
33,99.12294430161245,44.51048295490317,1
34,81.76962003132485,57.60161676581574,1
36,43.52060386168367,21.570581711012267,0
28,66.56776840819096,78.68466823484053,1
65,88.38518574279789,53.416174134288454,1
22,78.17802442403216,62.0287014778883,1
22,32.184491967835584,29.17514542486069,1
31,102.68391662275971,99.33713830299494,1
67,24.861989869439174,44.19742615878768,1
43,66.05628221594584,70.79917292771603,0
25,110.85396193615593,66.49890758835724,1
22,17.70317716016038,82.80737631399923,0
24,91.94768057111767,43.50695644975684,0
33,60.160331509345134,80.47418759977899,0
31,16.19229886206915,50.60013845485875,1
54,40.701741593231205,52.89287726770793,1
58,142.02773609153834,73.81700211894162,1
21,85.3551022431872,82.7428617392375,0
53,149.62567262493278,73.34933088964473,0
65,85.85026129924006,91.99036164569216,0
34,88.43141565918621,42.81272236080539,1
64,67.89880674593508,92.04933856815595,0
53,56.85545652874093,30.469082075470297,0
23,48.95864967294755,72.76242552239844,0
33,61.36178317764097,63.810452110414204,1
46,77.07989592155835,59.57087523324716,1
53,40.91891328115666,44.872962308974266,1
55,45.35813739376894,60.298619624658734,0
54,51.658543770239284,32.94186851077626,0
65,75.65008541066328,49.54567553693405,0
65,103.12980451992281,27.894473398710193,0
27,130.57973028864876,65.74772798290556,0
58,53.76279802026435,27.661430895970156,0
53,39.80332594609405,32.82757151241326,0
46,66.14440775482493,26.837344118998505,0
31,135.74171531020053,50.504851196166236,0
21,16.331198325513828,87.35667635346788,1
61,106.51226316779562,92.55171133070621,1
59,79.4166062655635,25.75115636800107,1
53,36.741239019691804,70.76401126893016,0
67,58.337906047053,74.75083396736588,0
62,45.36825592339957,62.701595394561934,1
30,133.5073426651665,73.35878891756367,0
63,80.05290683257368,38.69525723544762,1
35,91.01772751278652,59.17153694552128,1
50,95.14782861049778,51.27006792286628,1
38,101.34831182131808,27.176636115170485,1
33,81.90001820075054,70.04451517779913,1
32,17.412926662902635,59.6172154137237,1
22,60.187562733478,42.01392215220665,0
23,39.82288749733381,57.894820832269716,0
55,106.81928379307638,82.02384147180024,0
20,22.655127934956298,84.13262102464512,0
65,91.11345780007197,71.96209029994952,0
29,43.43528250703063,57.4198266720131,0
53,143.09418819305327,66.05997113630784,1
50,60.29802719518229,50.80122970844937,0
53,58.90486083557562,30.12450743953906,0
50,139.6569301787477,50.84964779088735,0
48,71.34196924105908,62.42662048557074,1
38,144.9864151150752,67.90672117204673,0
44,18.262997538022972,94.86407808436967,1
44,56.35651765228975,82.1866756024493,1
25,104.9360496359682,32.159404915574186,1
54,135.2656902112312,33.934576532234246,0
49,49.61475505611833,28.039580739180323,0
43,140.6144749150952,79.05453817767342,1
19,95.20639797739041,76.48978227934856,0
29,123.13611283171866,98.9090321357505,0
39,68.62298608143112,61.761873413147896,0
34,43.644351646527895,86.11319430791055,1
24,138.0167810854386,66.11518869142301,0
60,140.97334223483952,89.92693700219496,1
21,82.1726444608083,77.68168314422013,0
54,15.876827159899628,71.43072119930024,1
55,29.820698745504604,65.20981367864403,1
49,92.35877463128244,77.83764195543799,0
28,18.20985481075464,53.57230741368084,0
18,68.58310973820386,27.72612645645313,0
42,55.954942652221696,23.198890303827262,0
59,111.43701717929763,58.32189852873391,1
69,22.503120847971264,67.94332657761132,0
41,80.97872131193381,26.307922445650036,1
60,93.18042643320672,42.95228391296818,0
34,98.33429526710339,45.762576478038966,0
25,69.69628572228702,65.0236428166601,1
62,56.08965076298938,42.27859648342313,1
44,107.13655955451509,27.651887964480537,0
69,129.42182149383683,33.18853927572401,1
35,108.63838110068863,33.91582412833546,0
44,140.8338193367249,87.41559553782092,1
39,111.83057592332017,42.74557495826332,0
33,118.22352909183847,77.17533871318055,0
19,37.666931541282,65.42709970714446,1
22,71.63785201110609,98.16310028931537,0
35,80.4824696790553,41.82581351041618,0
20,49.59957690977203,32.66984164233602,0
44,86.35288114809886,24.16302701556483,1
34,54.25691246994941,39.27677298250244,1
33,107.81278252859616,74.72567091323141,1
23,78.48894435492875,26.82065797094885,0
68,76.9389388263198,39.57614761197269,1
24,147.79174168942959,88.42466945472096,0
67,67.98005455324702,66.63623594916162,0
31,63.90988339959172,25.561723220255637,1
55,58.01159012315834,23.814651539981064,0
57,135.79114483173277,24.88983002606135,0
32,82.05771652325406,95.35000401178021,1
64,96.0019544598858,87.98971428488437,1
64,39.41049466532333,87.59520336150197,0
65,88.02721860066514,93.93734097948366,0
50,52.07750603724592,60.42043122007282,1
60,113.63598437048846,39.78757369146752,0
44,127.39132708697159,52.10784033908145,0
46,111.49944343772248,77.50912583070487,0
54,113.58296244648474,90.08262972170121,1
22,84.18408505613479,54.80727413596195,0
46,111.13593760510827,62.8304764305649,0
49,72.06273629360163,94.54263946210025,0
23,102.95103572649775,28.599890968754327,0
19,49.97029336626948,88.98393735792992,0
23,24.41719666212137,32.74459858015487,1
63,70.81889065646575,58.70890802324962,1
60,77.34005103036614,37.47385029304476,0
21,49.61496635547314,68.23581045524833,1
46,113.24078498497708,64.68587373666128,0
42,24.92931466179769,50.40058913926015,1
26,45.071023791190456,89.06428118760995,0
20,116.05623699123962,72.78506562304479,1
43,74.01177695490168,77.6964099969555,0
65,110.21328924530718,32.05277905661348,1
60,91.6105935007855,90.65325423804941,1
44,143.34622124964392,33.36321308960147,0
53,95.70243741758246,37.822797136796815,0
49,17.00731153664516,30.244411079750435,0
18,62.63844231808509,55.22873663750524,1
33,34.313192097635536,91.01673854018478,0
68,139.82554647568992,40.19580156878877,1
65,29.041681328485843,49.90027363383626,1
28,67.34039952269681,87.68531360603376,0
43,45.52339113960345,69.42522238071113,0
57,129.30746870355898,80.12931149170214,1
18,56.65647717450379,37.120003954889185,1
43,148.9056202242571,77.31918906660604,1
45,20.21324175765387,38.2088462913418,0
26,32.31736428244639,98.98511857685288,0
61,45.32623481792973,64.79089249013899,1
39,124.49931542702151,75.65114064345096,1
25,133.59982322364215,29.472126731320223,1
66,24.64593638227202,40.052478403325566,0
59,19.382119137907317,31.179252765148348,0
44,115.51517570911821,51.21365722173785,0
56,33.00252091173782,42.73086913643188,1
36,32.95480925507629,78.63378077044554,0
42,18.01948215674795,28.696718370252093,1
55,21.72406347376195,80.16474947602946,1
38,50.59618691039103,23.656385971086998,0
41,23.77574107045885,36.161426985791394,0
41,64.79867737400221,83.35719935716824,1
36,127.42462921569212,79.42213128863159,0
67,59.05323473841501,58.10608911350907,0
64,113.25761194821517,23.998617206204145,0
19,27.677845252189062,68.79149933354395,1
31,104.01565030163154,52.53792831792787,1
49,57.76086973975372,45.32225201583758,1
59,116.21663862410014,71.23285094612274,1
49,33.39402189761155,54.92916497613811,1
45,136.21425599820506,27.39368803625429,1
65,47.747922391221444,93.27603764098755,1
56,62.673602092958824,82.27944795627032,0
57,143.2743959604356,24.510255303244193,0
59,93.09511856366595,62.00510961525565,1
64,64.37915506000797,26.670205031890262,1
57,143.19628984954028,86.9831887246788,0
30,59.42545128015432,69.04111688415774,1
29,27.80754621114927,33.79593068584548,0
25,149.57459986102168,21.659307424496063,0
32,51.15906427545337,22.52648097171365,1
43,129.91980957444702,60.58923776518638,0
29,37.34800730111678,78.74987829414191,1
60,113.73278618994604,29.667236106716732,0
68,85.80066825375403,37.702725273196606,0
63,147.4223853691675,46.18079561356258,1
44,89.63209807247394,37.44614256489224,1
35,18.377045505265308,51.30692501497269,0
62,96.52352859925186,64.7692004612061,1
53,34.617721605444515,74.79493985930475,1
66,122.80302356308177,97.10201457657828,0
68,130.63670652613638,94.46749357465556,0
44,80.08262503728643,65.61015798631317,1
26,120.73489670206031,78.73200451650837,1
56,34.58994929001669,96.06977637003423,0
18,81.43055518231222,26.677755563312388,0
24,68.18247573322893,20.45078078891433,0
43,97.52784725216598,22.38398109836666,0
24,21.004420488426597,65.0679489898371,1
69,116.5365831635647,81.02667402420273,1
24,25.682454079082298,49.365996059602764,0
25,103.62365486657225,63.61913397820949,1
33,17.49172544789247,61.30930548388295,1
20,127.30488860715849,27.581671327361565,1
62,38.58445008021047,45.72706113792392,1
27,84.59215925689371,21.55481241458416,1
67,50.30154200322861,28.85645510452087,1
24,112.55737227824424,84.94865783278223,0
38,58.382398525612366,86.35307977986551,0
54,112.82224113442282,84.15570560360558,1
48,53.45761292278933,78.14549127617893,0
40,116.5838672763276,83.46502771199214,0
44,19.13174200548207,73.67858730156146,0
39,53.24703027546954,73.58666710530309,1
56,82.31552336943766,73.38894379934464,1
44,21.083043559162938,61.12342317425633,0
66,40.11459828512262,49.067778677187555,0
21,141.16249252156246,78.4156212929244,1
41,146.87262579932553,43.89168108693933,0
40,114.86624289771555,63.43217051820954,1
65,49.047006833283234,54.668449617430504,0
36,50.16985513385581,42.12978216749609,1
59,102.18169830233484,97.97519363619706,1
20,30.87594824082474,40.700131616145555,1
44,143.02176635809948,44.7434450978424,1
20,45.34974143387492,32.92700014064546,0
45,149.9508094324349,85.83845002514325,0
34,81.92406236583216,66.92715204435915,1
48,119.14304851404641,69.04314051779085,1
27,15.294852758250226,85.64491294392782,0
66,134.98076464147164,47.43357269039035,1
39,51.45027604537836,35.490674030417104,1
47,105.17146051398882,35.87242911951232,1
66,123.8579629071346,78.60958571698075,1
38,37.15994497546528,69.1292123569958,1
53,74.73877997944591,36.50711028656711,1
40,81.66785198800966,31.605231571233887,1
55,57.13612782079261,29.654984412957823,1
29,80.0370370134125,70.22389181624303,1
42,57.86866378347064,20.009491592868002,0
37,63.700945582453244,21.4655474082835,0
66,105.35970912486975,51.164250850087626,0
66,100.4000912211746,75.30798914209299,1
59,46.35587298266591,75.6031501197923,1
24,136.16018944738232,54.40946188861525,1
46,131.47645366563773,75.28588852836558,1
65,83.72624640314346,61.687694366410035,0
46,73.48885026392631,98.15451334378523,0
30,65.87555770285469,32.996817106946644,1
20,110.48116901996929,68.05338141644845,0
19,105.67491772327851,59.29910207608029,0
33,41.484381936627116,35.55730757261556,1
47,105.64683422554877,79.99923457133627,0
55,49.078211203775396,42.04064159455962,1
23,17.50537543067595,50.53678552748333,0
62,109.3931714675459,49.986445567002406,1
24,102.04713633220119,39.5363578550359,0
22,70.4592504205361,54.45642653587242,0
24,85.96761754913332,57.86767047420946,1
51,142.86784088027756,79.5377338247446,1
49,95.3520244222341,81.20548595016297,1
66,103.81433127043175,32.68447746333297,0
30,23.628028328134047,67.42178394620257,0
47,37.4092521911419,91.69582386235165,1
42,55.6285573155644,28.702928710764866,0
38,87.81620793379932,57.83312356273108,0
38,119.83977095774836,80.02824979266742,1
45,58.367518501459244,68.91930675058745,0
65,63.111628114634485,28.04685252772991,0
37,49.58036949845609,51.72849002807779,0
51,49.372259454866295,60.57915985734912,1
22,143.09661919579753,99.66764813730182,0
35,100.78671924855016,34.28863274589222,1
56,36.04666787789282,98.593901372809,0
60,112.50355804137509,50.09198273835551,1
28,112.4728543536039,36.02563888590571,0
34,104.97347646725018,53.12872656991968,0
65,33.187260087239586,69.11960992278537,1
62,70.07885026839423,37.079791512879666,1
39,29.412104616745772,43.31512666417022,1
54,125.24376805243843,88.36372013882318,1
37,103.4482393290191,99.92075693350942,0
65,83.47253146365549,45.45381531987411,0
65,61.30708932758054,31.908544315995222,0
65,39.873679056748514,83.45366559952333,1
63,29.370424492469567,68.03645498201162,0
23,145.84748201748144,28.03209147004809,1
51,41.95256666406311,95.74171851488168,0
31,23.083074607387065,26.243962271991357,1
65,144.825014244637,70.0285121306913,0
40,89.10848508330666,53.914980471486516,0
37,122.5486592238043,64.52991345919486,1
30,20.908389371773005,37.05713565281155,1
64,91.53769075975337,75.04883194005214,1
61,68.75834515592933,96.77757513066717,1
58,119.21519863723427,56.67406992359325,1
49,20.18746216127291,61.836662205458175,1
43,69.22822675581793,39.184933645510505,1
67,122.87491163063646,91.3494387000865,1
31,85.56413072617994,97.69395241119666,0
69,89.25523003481153,82.90375080688435,0
53,28.117232065405343,63.42188017278432,1
25,32.864625076212334,96.54374596069046,1
57,106.39494672438109,32.308004429382144,0
39,106.13129400913918,58.279268791617476,0
39,147.1789582240569,63.008456538113045,1
33,111.1136533888493,59.35331358019014,0
44,81.58787195101539,84.19346297429625,1
27,130.73925617702963,73.63223128130912,1
42,29.103853085151393,30.132677273460935,0
48,75.65493582099435,47.71610458744483,1
38,53.759729975221916,47.12614787095091,1
44,29.12610393522945,65.2505754234343,1
34,118.07278143724945,43.31667341263176,0
50,83.95692411734933,29.381741564312847,0
48,90.16377718616124,72.29461325257083,1
67,70.51945036789442,88.0829550828018,0
59,77.14552626636925,94.52864763727392,0
43,30.662347261605426,97.80627341275806,0
38,105.84390627874183,82.48934769672113,0
53,73.38039354670386,31.176194263352173,0
18,125.26362237249374,88.24894593893796,0
21,41.498772019315275,51.99680587059792,1
21,42.682437611542824,78.3929051033891,1
43,102.17754215664284,62.50144039686687,0
21,129.21046215864857,86.2884906919027,1
66,78.74670821345367,54.04045862717509,0
26,113.1387722789685,24.94350485920166,1
47,149.90953940156655,64.54589687059766,0
68,148.6858613634053,33.70324437341385,0
62,115.48547378092951,97.2414105882338,1
21,114.8441761065636,62.157045266039326,0
22,48.42854977185227,64.28470350698083,1
62,127.52785025840946,92.58125702518542,0
40,69.68878715136128,69.96681961209399,0
33,144.86917783202105,44.218350175176575,1
39,25.99273797543629,43.68756935306969,1
54,73.83844979781801,60.12629199251649,0
25,90.03846583727231,89.32865831433271,0
65,69.69608795663225,83.57834725890228,0
50,43.42819071816735,97.01924688454758,1
55,95.05344598563883,25.75088982817629,0
60,117.04891847439357,41.46608551714709,0
33,102.05321046272653,26.41661662509808,1
22,46.65059458908533,80.08633551219489,0
33,113.76707248975073,31.26669513203069,0
24,49.68120381601604,27.990905439808536,0
68,38.6523189947454,64.9337765679646,1
18,108.24018208422748,52.91877696953268,0
26,128.77627822538042,77.20810710099737,0
35,80.00782543903755,58.96123133602184,1
62,86.7378920736891,54.02676767523622,0
64,55.87092201361638,54.04003589975767,0
20,81.77343203985436,89.75011043190837,0
41,32.81770473167497,51.618052057797314,1
45,144.03716200720365,46.67177022157068,1
27,123.0486882436405,47.08280616181835,0
26,105.17636321099495,35.72806374519122,0
30,87.65624017739441,88.85510804591915,0
65,121.9428333907752,31.730465202206524,0
52,81.79222734408359,92.68885902396843,1
40,55.49647760086189,42.6774177528805,0
64,36.650521747500726,91.95414577390775,0
34,102.42405448824398,83.26565254516618,1
63,140.4724755785794,66.55900167602869,0
24,35.7385047230874,73.55760031348794,1
69,39.302436081858914,46.067527265994215,0
33,73.53681451028723,65.93828914621298,1
57,123.931411969158,43.39223205813576,0
53,54.67956841115313,52.18182511123693,1
37,49.2782448304538,81.17300441833959,0
41,98.69544934748258,39.5146051048173,1
64,87.3079955530348,87.10768126700302,0
22,23.129749200106893,50.07062829319972,1
62,26.001146936752335,62.57359686849448,0
23,101.80675232494343,95.35683900502987,1
45,77.79168588495024,74.50045041495,1
22,146.08192086453485,71.64832902757018,1
66,106.60174044855874,76.92861820840233,1
56,16.359944369086246,93.4489071008449,0
55,79.93753527306235,39.88109673772087,0
19,70.95047122978974,69.05929646394708,1
60,29.406371099158775,52.03150835069218,0
56,139.63319284274564,20.948423456819512,0
38,123.67652537603269,30.024071712488734,0
57,46.061597636700256,45.99935162108707,0
54,49.55740244380462,65.19999769455325,1
35,19.32243719812588,90.51798213570173,1
65,55.05685596317053,83.28912945611516,1
63,93.92397120330273,64.26669379382163,0
29,71.81385743220021,25.90963343259741,1
34,145.84948760215693,42.87250323159829,1
54,22.57082285059557,49.33669183137951,1
63,94.84307145136644,69.73737481630741,1
55,130.8717744684515,25.19388983838729,1
32,79.90002317531255,62.415484360037865,0
24,15.39996727565357,92.11716609157658,0
31,47.77820247654715,76.43461565579223,0
67,58.70881171517543,83.76614452502051,1
18,145.40925676525742,74.53405186872587,1
55,138.08939304822442,36.52712897380738,1
20,143.1380181895301,28.83870560528149,1
54,126.47739177829072,86.35925384039271,1
61,62.47244410537709,75.64035488124227,1
48,137.29331698298708,66.00492470530946,1
60,147.5274083015016,35.14262919745968,0
30,62.25962715711864,68.26759722494027,0
65,50.17505540817061,22.505742817772784,0
35,88.83369952559988,29.507130751516755,0
34,40.26554600085555,44.95121198435396,1
34,19.40426988986133,55.49906219289315,0
28,142.6872081006424,29.645159665760026,1
37,139.9749853795916,29.595214708602864,0
27,36.95827025788634,78.07149284669083,0
46,70.04493333551213,65.57755252267884,1
65,127.18990229181256,62.6993584622132,1
51,104.23504034081515,56.194759609403995,0
34,68.29631373804638,98.12344850756512,1
69,115.46308461968056,23.98402263155014,0
59,136.10139740837576,34.45017409292619,1
30,140.03137462099218,71.800620592099,1
61,66.14469760949552,30.909252308099305,0
64,38.43069180983055,67.15047504073391,1
56,138.23324585618664,65.4208980384864,1
44,27.494985191238815,97.68041469117135,1
43,112.4279328158021,90.67091896392179,1
45,33.96713750620822,95.6442675013962,0
30,67.56722538013844,29.08818955791837,1
29,70.5600257835787,89.4518749803351,1
61,36.432318540131256,30.32725293826448,1
45,139.5619935908926,70.63457428351911,0
19,15.360202681253647,77.60625285424018,1
54,135.66415333424513,32.868279851942866,1
51,134.31695866919054,70.61275007436318,1
40,57.79009324923022,24.196839432959525,0
69,110.07837643370219,43.461286859426416,0
62,49.129203025272595,93.69267951472933,0
46,117.43443090428168,33.738493032149535,0
52,90.75116514134535,25.2215993960262,1
28,55.530436323433875,55.494255972436754,1
65,69.03169174108336,88.04945668218173,1
50,108.13497885218447,26.133790557463197,1
68,137.3231557019107,48.44282921843268,0
28,32.648079736582076,91.9819867647461,0
26,92.13413590533621,29.452443995556344,1
31,49.253441926710856,44.85348047295573,1
26,123.185253733187,82.27364892285631,1
56,24.482036292379945,63.456878971104345,0
65,108.00903167310793,86.58665125068664,1
20,38.61771184828902,28.92763144390387,0
46,95.51203148443595,93.64433371037782,1
36,127.81849927101342,94.7929435612167,1
53,116.93588938642674,32.4250416117365,1
49,116.64728983729103,22.710037152540004,0
24,84.9091171452322,99.18731055644551,1
45,135.2506548997124,58.58012738419396,0
61,94.39420176266972,65.7660323228345,0
35,138.86492575419203,69.2723786933261,1
22,88.78053180737638,83.17347702244021,0
40,83.3053510077004,84.95903752367343,1
39,45.01765759339246,35.51401794558191,0
43,88.54619829407767,38.93093925068213,1
59,33.978952218601094,90.14664231570977,1
29,132.40817717003864,85.56140838004691,0
57,106.2454049756196,69.40955052431643,1
36,149.14078554654716,99.57593272998798,1
64,27.43315275172062,78.81471548410589,1
18,47.49082122911373,37.26694145041991,1
20,133.4164115759288,87.73152514661426,1
44,68.35930346880389,53.1786109096112,0
35,77.95090364755617,22.892212843303135,0
67,131.1880047973283,45.71370222493365,0
47,85.44613536824356,81.08409872475082,1
19,41.1192396709397,96.81649657491786,1
22,135.42406558032042,42.09091330425551,1
46,19.19332361710952,39.7213059527772,1
50,135.87849613186484,65.08932684786402,1
59,21.820230600765182,84.93471197299574,0
37,104.8896642210173,79.72205457287572,0
47,24.67671625617018,64.79671220502533,1
59,110.33875310528384,70.51117452915828,0
22,19.58612837994837,39.36791658610752,1
67,128.73179324095634,54.60594120026805,0
38,77.90243337554794,40.429250121623994,0
32,27.616278210298518,90.75343798757102,1
37,110.42062507636943,29.00436058924126,0
25,81.05417126300793,74.37924462850967,1
66,40.778095948184784,40.82265577320187,0
48,17.115770474977978,58.046192777477316,1
29,71.42976506294752,43.95302241973062,1
38,26.559946148352303,45.85962536475773,1
47,27.71290926337702,40.83144108888176,1
44,51.089489028961374,80.2234336956351,0
61,100.11187012772729,49.25726857432377,0
43,86.53793215572814,78.10856141712662,0
50,24.313286614921882,56.48559440832102,1
43,145.73822224548343,63.77968336802298,1
43,134.7677729197698,63.46299805707899,0
53,49.99544076459637,98.06816634748711,1
57,31.51570775488907,49.3649964568761,0
18,142.22438674219367,36.61472763180781,0
32,77.25414001389449,92.94335522932818,1
67,57.00754024414383,33.98714314524586,0
18,81.1983347473003,86.75382766754757,0
28,119.32045951376564,32.01719163735406,1
19,37.732015270912356,72.6979467381925,1
18,118.61193752375647,32.043265061162884,0
48,116.17531637107183,93.84686553915435,1
61,87.81200765351876,65.2006626122265,1
33,131.88870898119353,46.34190713120701,0
39,32.83935605293117,31.225821997087593,1
59,95.38966589986588,49.69537889167952,0
35,75.66131208774593,76.40160278950493,0
64,72.00943523283728,50.79607071428377,0
34,49.09574462138593,39.687530887635525,1
47,65.25775366933759,66.19275586350538,0
27,29.600352063194876,53.42574822696957,0
52,48.9658609182514,33.26449888242338,0
38,51.71528955004115,32.319039222196544,0
33,112.29016210711883,76.59695921774838,1
23,21.554307673196526,97.97375164130051,0
20,102.91096160036619,38.647525668964505,1
58,44.89033782208063,81.8518880665192,1
60,26.05130329869968,27.008536196037216,1
38,55.6088317465336,50.526073524174535,0
30,45.30383737286138,60.53505222466056,0
35,89.52437073837974,41.499755623181464,0
41,63.24581446547492,62.366273321140035,1
44,145.40915522512404,90.60915421310835,0
21,145.07919591776482,95.55503698839948,1
39,74.90156133123233,28.04455634984396,0
41,122.33680718913504,41.747674718736185,0
57,16.79125301621813,98.330713401418,0
62,88.95456393784835,41.63347283217949,0
27,115.34538826144217,75.41658809147529,1
19,44.28733542999035,40.27629550962917,0
57,23.258186947402407,48.50924746568306,1
23,36.04905634737155,35.30231903175179,1
65,74.64949176847071,88.50401549577161,1
35,83.36014180209537,90.61190110556032,0
34,66.41949148468373,43.75300063323452,1
55,74.39645855072129,85.8871859336504,0
62,78.48171954725298,48.65933200295872,1
40,118.873949316148,27.921553831612663,0
63,29.20765624048307,80.64611178336588,0
47,118.80831306651845,67.71569991190758,1
38,107.96468580982474,41.95059549366003,1
27,115.12420927930295,40.23997924094776,0
60,114.15323209316858,98.0498696385857,0
30,78.52989513324079,89.00008327144731,1
29,43.539024915721505,84.78386634990117,0
26,87.44490208074353,30.24141669133325,0
21,144.32757723722844,80.41498193986084,1
56,94.4509669881041,37.16321769626292,1
41,16.49136460372498,98.19111545665926,1
51,23.060972158312737,24.167135036980618,1
56,149.03656353647958,48.171078684819484,0
58,24.71275849732445,54.29182726229722,1
22,21.216096606061306,85.93623292498036,0
32,62.65827636341848,81.29782544032369,0
67,145.85782244136044,49.99937159572717,1
21,58.02114575393687,65.24482347664326,0
68,70.33435766816154,86.84761308861843,1
69,100.60040326315635,21.455967372084217,0
56,18.255098309063705,84.17424796195778,0
25,136.19808296509038,95.75168202736337,1
66,85.12480736984834,22.56516171873369,0
62,78.01947231054783,23.646478966254605,0
41,131.1980993978951,47.5611204452816,0
45,143.66533956333285,27.021565101413962,0
60,72.1624062723227,58.34208642351106,0
44,38.27954570458615,78.29685480718229,1
18,125.12075145027984,65.35193880254542,0
51,69.44015686503576,35.714552725819225,1
34,141.29864783408843,72.38490400242861,0
54,143.2363628171827,74.78835833431327,0
55,30.501919282384883,94.59567645480118,0
43,144.13478558993492,31.743751790163923,0
41,64.71649393509134,75.38689319277788,0
56,102.24408988372072,92.9141775082518,0
38,19.691261034096215,60.125132265650734,0
47,134.9993770013174,48.94397438904451,0
64,101.61563946155677,33.65995953769266,1
68,101.87985303911658,89.34295091918061,1
65,136.79378159696032,51.539709987247555,0
30,83.62686861249132,93.99059546141538,1
54,70.41974644894432,87.8206638504621,1
20,131.92738155946267,50.13118814377566,0
49,115.22676910263876,65.91314471570101,1
52,143.11171477026164,22.173922903513716,1
36,141.9164555969219,41.05771222937078,0
31,66.61403221563243,76.82182788553997,1
65,75.34314916909142,74.23287566770134,1
39,49.55796876175509,48.269556763340084,0
34,104.18746503370663,84.68864255275652,0
21,64.21316596199969,38.86688415198969,1
62,121.1235872920356,56.90164265218173,1
57,31.409352698672922,57.80245082487206,0
36,30.714384907375695,47.26534150960137,0
54,42.601476491618584,96.37328809001338,1
19,26.37944543905082,75.7347226812081,0
32,98.70426703656169,63.135946826184124,1
19,34.89262341225972,60.841207471091884,0
28,36.59499385813332,32.74368739768772,0
62,16.92081020343741,49.77495176544786,0
40,120.58215197418733,73.8218651783286,0
27,124.65996748216995,93.96561757493869,0
20,36.87302620919936,85.31712475134708,1
22,114.8357986260753,44.03118431679769,1
20,73.52859162624355,54.71653005519467,0
55,47.34530920032783,26.633401657023565,1
30,98.8869220899669,28.173785842846463,0
59,39.095350036856445,57.61843095989721,0
36,117.17928703315978,62.41755254536801,0
57,21.42805572202448,41.12216765575312,0
67,144.48267594526845,71.4226151348753,1
52,24.703159250664303,76.27045484641101,1
41,93.22553659857311,43.929290528956614,0
41,136.7962291665211,80.67397805660335,1
34,16.607103294459797,36.44839352313067,0
57,82.2994522335227,63.54011018204591,0
27,62.250940181941786,84.34248748497386,0
19,93.34484568481773,62.96072685460443,1
61,45.43674720958393,92.63701748168404,0
40,23.76139432628284,24.680098629970864,1
23,99.50095997457544,67.06510763931774,0
19,71.27464733160933,64.9404362035512,0
38,99.035547725341,72.82826628341478,1
52,43.4227848231088,86.67254709442462,0
66,60.730070498720046,78.0682467470716,1
46,90.82698756422239,83.22261882982734,1
24,95.07022507383819,43.105338057409725,1
46,65.2624990495258,50.999790285517165,0
54,52.80718275823512,70.14215792369842,0
40,51.94958498096044,64.27691775399481,1
50,38.584412441821286,96.88830999764292,1
25,58.92966991449427,34.94675999475355,1
29,41.92444549678469,48.102269796091335,0
63,100.56507984104255,65.82041866278838,0
65,91.82404476268209,89.43710159489216,1
27,66.6494911955742,94.34788197527934,0
32,58.98705269154825,46.882906466207885,0
41,47.077917026276744,25.36867692210813,0
43,87.28687170951106,53.72957583377481,0
64,139.05187318666793,51.54753145868057,1
59,107.56991193750652,98.91896543437517,1
56,115.49598639480159,54.484899543263154,0
20,127.64101159361505,44.45783994425835,0
19,62.470721400609584,49.230189962794725,1
23,23.48823058545583,51.754102449905105,0
38,99.04543844842198,85.72323057572927,1
26,40.470759315784406,26.481191426501134,1
27,91.82089274941494,45.320563910002136,1
53,114.83388147620374,97.30547935256797,1
20,120.79117078995795,32.24820038390399,0
58,55.74828123341459,79.40810572260719,1
41,84.17848639685755,48.511480095863234,0
39,98.83028799742097,66.54284209556204,0
66,125.62989742958396,27.963843080710564,0
31,117.7874697891679,44.51293338831572,0
59,148.37666833194498,60.06919533287106,0
62,16.09143133155147,38.53605265406867,0
61,74.06107451652295,63.349595444252174,1
44,49.566005660777265,37.5807451250173,1
50,31.18560726455791,72.00804421204431,0
39,138.05456930256992,92.34834722002515,1
46,149.72487892291764,26.83909098812571,0
36,39.38048806713769,37.329282862086906,1
36,20.188508028184085,87.5538421808264,0
23,52.13235043686755,70.5242788353566,1
62,127.70635893896342,26.296713371405218,0
36,54.675161231907765,58.90800920875962,1
30,22.68169986717891,36.7806812009068,0
43,22.086444833659037,35.92771152560558,0
39,72.70207831987392,95.2516274688419,0
38,140.79647261331866,80.92332384608872,0
53,53.59925962135031,75.6984474819315,1
19,72.6662868946409,39.11430536622869,1
64,28.761063726652154,29.485874643276038,0
61,81.63232709131245,89.66660970282801,1
47,109.03385367857004,20.470365547396074,0
44,51.60529875892464,51.04771389608157,1
24,55.05602665137244,42.20900023690668,0
37,128.6666284298466,65.63009602790589,1
67,16.399102516868908,40.04067487086678,0
48,100.9235456542631,44.89642874626463,1
40,68.17442571711828,88.00318839945548,0
30,55.28136933079831,68.2551058723615,1
34,103.77516735292342,31.65460218634947,1
21,127.6802504416102,78.11772347966652,0
31,90.38293570437095,36.59673611839027,1
37,19.19777396231256,54.640394408998404,1
30,77.28916076145276,71.72857894714346,1
20,77.47259202068636,41.754362996598985,1
43,88.41279679862205,50.72854517406338,1
43,105.57945164087955,78.73196778433207,1
35,17.60798447713596,95.03287627394747,1
49,82.77170429396631,62.33960455675784,0
31,94.42154886637975,20.79767772452982,1
64,61.352707166167015,47.07710009934644,1
20,105.22930558970846,51.890746787642755,1
18,45.8039918124381,47.13388960017952,0
43,57.845264964105965,54.90150888924502,0
41,144.971971902284,70.61330030547197,1
66,61.98950006625392,29.69024215982025,1
52,61.77761979437558,41.81044070940044,0
31,95.41688583612056,60.61184688140997,0
20,146.08166953110813,45.245864654398005,0
30,147.71586020365504,99.28682705082875,1
64,93.25382509630266,54.51451736299906,0
67,15.146747673665892,89.58393228737731,1
31,136.58863435373394,91.72078684910916,1
38,91.9821252179015,86.880559977788,1
43,64.40951511914133,23.751859275613427,0
20,126.94134403715167,95.81973852906812,1
68,68.97738201227767,30.29940497065415,1
57,19.59600833703573,22.75229021714356,0
21,125.84475011269754,53.149568632524606,0
53,88.69101913766791,35.57072262062849,1
68,60.64937766026649,34.73572237305889,1
60,48.87047080776991,43.02556907009205,1
18,95.16265702108245,39.87244841974839,0
57,43.08668901038852,74.78363217201225,0
64,58.719869685195434,34.942184530885605,0
50,100.93159177088778,63.44946441578068,1
24,134.0085008048008,98.91412369148239,1
69,86.94019433286583,54.59059367650311,0
69,117.47936377037749,71.34984870363492,0
28,118.01318150801065,97.54973421838989,1
44,104.68778360901722,31.01111984330914,1
31,48.18817558686988,53.488560743443955,0
39,132.01646075028265,88.01539201562034,1
33,73.89721351134148,94.58445461959039,1
63,20.968450431319578,68.09888463671241,0
29,48.02271045938589,31.47364820321787,0
66,118.34902780340762,92.11772671581241,0
63,24.333000335361064,33.95572529527541,0
27,34.89419429091301,48.230227866569486,1
41,108.7206201656301,50.04063822098094,0
63,135.50110661321798,55.78332318981025,0
35,100.55382068278097,83.21326527447596,1
39,45.009292266989874,84.17155024819877,0
26,22.21085803868906,77.57240586224913,1
34,98.04208864429208,21.77029395372653,0
55,21.398808020707136,65.18760817737213,0
57,97.7174770121372,79.799436470512,1
30,45.453292461747836,55.570019204923426,0
67,137.128568425192,95.59488362923172,1
54,79.13751024579385,85.90484175042808,0
23,45.231688496808914,71.05240523894646,1
38,130.17461773540987,24.99401469460107,1
68,49.29477879041362,72.18769980665105,0
53,56.390875330858194,92.92636810017751,1
24,127.62751637248651,50.35563095047611,0
53,56.68692402308045,87.05060204842889,1
42,70.37210884613604,45.05289142897432,0
28,61.934865552446986,65.60826332378423,1
61,30.71404290710074,71.87395346966258,0
31,20.25093465332153,74.2396030047116,1
62,112.81299099823248,90.60394515714785,1
46,102.09351173132228,38.76978136050256,1
27,53.11941911952772,40.989566823117976,0
67,54.905881872958595,76.32327946485894,1
65,142.575780706172,34.17550499872305,0
22,148.33560217652143,57.14163239711682,0
25,78.91371193654862,21.602750726177213,0
63,123.33098564000164,31.27834695920913,0
22,114.45259324236433,74.30771080230892,1
41,55.13789078412634,79.79692827854032,0
57,22.905965920264578,29.225522659030148,1
43,34.2450947132169,38.21676403289576,0
23,128.16970579510306,27.912355722964087,0
33,113.71386569949794,54.67302751400935,1
53,104.68520400240752,30.089285659570663,0
29,32.637592279047524,54.9836813733512,0
28,101.39064280582083,78.56786046409053,0
20,119.24056475157059,74.6710906514734,0
61,131.18123623113922,42.43683894814762,1
54,16.78622269113846,73.90100393975459,0
23,107.4041387535945,94.21697047196615,0
36,17.578183506432598,47.80195096679324,1
35,110.4278341483642,46.32953229580853,1
33,100.80888423882065,65.71509211856139,0
40,35.02696149406129,39.640144882197745,1
60,118.42643643159259,72.12631423842015,0
54,24.226928455608306,86.58094165379848,0
26,126.56383445552551,56.74548040789056,0
20,50.36044805451091,74.3605859942706,1
25,107.99500141058977,72.15083391063962,0
55,139.69806103795247,23.09324494780716,1
21,60.87664833091561,34.673303614062114,0
29,82.89070052195659,91.4824001454504,0
61,77.5209345833108,95.11137178920154,1
48,36.27753212348719,82.43517119289419,0
42,94.69212141625282,93.69985186621557,0
33,115.30525900032798,44.491892073485985,0
59,138.77810190471558,39.81687774232376,0
31,129.85835122268423,50.7440150048416,0
30,83.85261626328428,24.42735988403623,0
58,112.0673158591112,84.78972952330622,0
24,123.10576080547553,98.73403880920618,0
29,81.62097635467708,85.92234339492879,1
54,30.582720695076144,64.39802678820385,0
67,74.12065311939506,43.62255763863598,0
21,128.73453515721127,35.81583108348645,1
19,95.54658972815423,49.125029743732796,1
52,112.80188089626077,73.3575623638565,0
61,40.011182990599316,55.76492444326589,0
20,145.18559870848577,94.72478560675889,1
21,69.55087148159677,88.33762743725859,0
55,103.24079556689341,28.192049277031916,1
29,17.54775436973171,30.522017910856796,1
36,32.18810040446433,74.09913482400887,1
27,120.57462643446407,38.46147119842834,0
18,145.6758751452344,83.2823901609401,1
34,58.20747293248956,67.30865138610824,1
33,20.019399217070752,38.386442218668,1
26,63.71699126731857,58.29494379844729,0
26,17.358197587665355,52.48610338936267,1
26,40.97036745543333,89.85274873515237,1
29,116.58372203225468,22.57299799816402,1
58,141.50693374437697,91.66751123734319,1
32,26.8056263897997,72.16661463037947,0
19,90.31660513941875,79.0030550038703,1
28,49.27391422674431,20.2085970714107,0
28,33.77298198218049,70.2591547229786,1
25,44.562331035360266,67.07889309688208,0
49,92.9980141121905,62.97644451090399,0
23,23.79315769493474,82.8693485364708,1
37,73.61951048273636,64.46968771172041,0
56,33.255759878947124,88.5677751647886,1
52,51.811402073254996,38.61051891277107,1
25,40.751834515340626,84.47860711773599,0
67,134.20169247717112,34.34502182598446,0
66,110.58152966762408,85.04942335751839,1
60,132.2424481579085,95.23708150628542,0
51,66.7674826639385,46.855531384830726,1
36,57.310804255245465,62.390905118415105,1
24,66.37927131119855,72.66632183385181,1
48,17.50400642279501,26.357733268359567,1
35,112.83507714505535,59.526457456329624,1
57,62.21928168083557,48.84679812705974,1
31,57.29871348286688,89.79645050010464,1
56,95.74904382502194,90.13436149666609,1
53,73.89373808082522,76.06236316377894,0
34,147.4138547102263,72.45795796739986,0
54,63.09416079133818,78.69507674206855,1
61,97.87593869806831,49.27895208022456,1
26,57.07289858230298,52.361539740050034,0
37,148.73032232843866,64.29637783109642,0
62,75.0899896872173,95.04225018915739,1
45,100.6073894670184,77.919989929565,0
67,32.1074255786114,64.07913955969786,0
37,113.95826900659384,81.63304119173716,0
58,51.343357813208975,49.671224979074005,1
53,75.5627891320057,78.43733609154965,0
44,134.22296341420682,52.854099862616025,0
25,146.0245895094887,42.37291256119889,0
49,72.31723374844819,68.7779238017834,0
18,127.69836017385748,74.95020477201476,1
34,22.202114264231202,56.74348489436514,1
26,129.42249402168545,65.24005850844011,0
37,99.98389349060771,75.52528598847655,0
62,80.97533273286626,81.41680412460076,1
49,135.14510019352844,91.64571832664609,0
19,129.12052503836588,48.36353650114625,1
49,55.08758795373222,96.11818022820748,0
62,121.85093161654225,70.982384809847,0
26,28.4312760444203,83.01615061591582,0
47,126.07313128809497,75.98152347851507,1
37,106.18650843313881,36.44573802787253,0
55,26.86195467581227,25.715070640706266,0
18,107.21582341900827,78.10291712144962,0
22,93.37010235130997,60.884213423566116,0
52,95.26426365458104,76.17706947266598,0
53,54.266631242509305,58.14742431323678,0
18,50.97712200173411,44.97876163332032,0
31,117.9422401272927,42.80143274076546,1
26,49.66981993732728,78.44257046959953,1
47,75.24540399433631,42.142406517261975,0
41,108.79651481083594,77.17414967403367,0
21,25.7481939292041,50.71681010539028,1
67,95.26403165257372,81.6718723455042,0
31,94.56581030749584,31.424794062613568,0
42,107.37087596988344,36.39839545634764,1
21,64.94029286626392,74.87292845761309,1
42,75.61226949861836,64.81848961586101,0
27,59.54585738253364,36.310267409727935,0
52,124.10271337048474,92.22616093814574,1
24,32.632452604877884,42.075531793011706,0
59,144.99878373266952,53.68571185549071,1
30,100.70288105719435,36.183035349803035,0
21,134.73240779294375,51.042209467321136,0
67,72.54124686574318,59.33174000891793,1
60,59.85767450291955,43.61976436103353,1
53,136.59798436673776,81.52749385571866,1
31,28.347858898300878,51.51463829169977,0
35,30.8094762532125,78.36079999670136,1
25,55.41181482543144,36.56577403121947,1
49,144.569622538453,50.1628397434543,1
44,100.46426233178946,20.644663111642814,1
59,89.81614904307875,80.69100671309694,0
54,110.22310540798178,70.07093154643873,0
40,71.35906507055243,85.42586599363649,1
24,117.3399226918079,56.44886304821706,1
29,68.08614422633848,83.97925149702714,0
42,126.55902995562272,71.80660354167827,0
20,51.08483608032812,20.289034602739093,1
43,52.46879900523327,40.29554360708096,0
21,85.52174623260925,59.51130817649984,1
59,73.15275637883424,69.4949879769577,0
53,102.49563897843387,25.24726917317097,1
32,64.17925188093315,76.40639425470334,0
49,46.12433762449952,63.482887811780785,0
46,78.42415598919165,62.06234454546285,0
27,90.72912743211474,43.36364464783321,1
38,34.251007267008205,67.58584795924615,1
33,90.15701447397731,22.19943117054197,1
64,58.099655208466075,25.176026440319077,0
36,67.98100445724856,78.70960697702732,1
46,52.70794742354297,45.75130740271711,1
69,140.74039425206308,47.757366049958705,1
68,107.25039797282886,36.67081626051615,1
35,50.432142039092255,55.64965536799457,0
61,102.07923016451328,24.159474512904026,1
33,129.55727529357623,44.02905788568909,1
18,69.22007812492376,62.1699137422158,1
65,127.0442637360846,57.25055372473096,1
19,35.84601748589897,99.9735714498427,0
32,126.07548425693268,51.1011721693528,1
56,87.93972276076946,50.95992474034471,1
45,45.10155588134758,60.286542193156826,0
18,69.96408691504804,35.22424882169838,1
22,148.37905398029326,90.10435383673263,0
59,120.78006224672752,65.78142310915588,0
39,92.63665878699057,35.36861113595379,1
53,30.54712810711095,83.47532730977059,0
63,71.40456369170252,22.74657369142826,0
30,50.51195439161153,98.60513604683418,0
18,24.585145733227684,89.21194678170971,0
33,88.19759247710752,66.37115644272158,0
58,135.04006947851826,28.90365302056532,0
39,106.20598220350689,37.221821863173716,0
49,48.70685237736901,42.35481362508505,0
33,92.43392193876153,39.28253903228888,1
68,142.3366282518408,59.80160083627566,1
32,112.59353214459627,95.56482962137183,1
63,108.07897641991313,55.53380678142484,1
69,145.7013524407147,72.92516545387244,0
59,122.84789700984335,75.08665647830585,1
29,33.44417831833154,89.72645802035862,1
18,61.930736741787186,22.70570300572154,0
34,145.29399459958762,52.346404747803376,0
58,81.11022821672971,82.77880912688795,0
68,30.07105511836002,85.1893611972357,1
67,76.91165875576615,94.1866092139209,0
45,109.0940865995581,76.22354878544019,1
24,149.66900992696756,39.61231568837948,0
26,58.72721773603225,60.45325944675025,0
39,84.40172810870196,22.587623033511804,1
43,133.75689512772217,71.75426728785975,1
29,62.961074437740024,64.34361692070054,0
24,29.750310139765727,73.34690246090345,1
63,143.10634312520304,94.41124427100763,0
64,80.93950890632252,74.98212893763451,1
32,82.87580095421617,45.6359944299809,1
55,98.86201952156459,35.89893310961254,1
38,15.477444199935322,88.37089654549239,0
31,140.70270870179462,35.54657146190085,0
19,63.79589644456313,32.928766447629116,1
25,68.58580142188706,36.528966454478066,0
62,38.50474841698672,60.707267850440545,1
23,66.05046779448224,29.934995452756546,1
54,123.53237665476703,95.04946644773618,0
54,122.9988757949972,97.30029657920717,1
50,141.33257352088611,97.90414826263991,0
58,69.43597881190743,23.129984385577586,1
23,110.67740300605888,95.69580211840254,1
69,83.4770699530202,99.79319460939402,1
43,123.54307658508269,95.39432874763897,0
56,111.19317123295458,73.67511246101648,1
58,64.66689491364721,76.09841219268006,1
54,60.450967624248484,29.78023518987581,0
31,49.07973250877562,89.943766165997,0
54,92.8296317159661,24.77116677030172,0
25,145.11878496517105,45.41844372941118,1
56,42.009009578371405,99.29213161185496,1
30,27.859081412083903,53.786230328239625,1
30,31.11908668030234,30.492497917220696,1
57,120.71832129377025,97.54357296392641,0
60,62.2641485784161,98.73117176333889,0
45,45.28952173847126,34.96341481909715,0
35,62.633955980422506,89.18430469921367,0
36,102.11965973198544,51.23386609551134,1
55,88.81626185181831,50.50947715893716,1
49,115.3845698803655,41.01581055175213,1
39,60.7750100450398,23.57682196439172,0
19,76.02385741773253,41.44071869481788,1
30,28.765729809994674,24.302152426644163,1
40,24.862917214425494,93.94976370879706,0
42,77.40445778395356,72.93765379141828,1
45,55.71554200519968,90.92981200131132,0
28,97.72807723837767,77.38325451764565,1
50,20.805292335017207,30.50294968661114,1
41,31.438460975941332,95.24652293882383,1
19,131.80075949936335,91.99144429062136,0
47,91.45206890507912,47.846086232082854,0
34,111.12736204831567,28.92266722813412,0
57,128.66623602548492,76.3323800631099,1
51,77.61763629825705,78.26890421893779,1
55,117.74315183560927,91.74632358725657,0
39,85.81905317492578,24.212460756086394,1
22,45.07108398695002,31.33630704218975,0
65,60.58358278812683,67.85990343033458,0
57,81.19730954251422,69.5305240696066,1
68,57.77954954325655,22.6887729852005,1
33,60.29623833223628,51.754564084932674,0
30,60.548032218583465,66.73293850208393,0
43,31.583397145709064,79.0329066521387,0
48,26.426751973653936,45.29205534226628,0
69,21.276965358326088,58.71227944174731,1
56,29.979095239635463,85.12438978496074,1
65,61.40045743830843,96.31160511181923,0
40,95.1726937807127,38.42517403118764,0
65,40.399835173270205,40.243376465591695,1
29,134.8811942103561,95.18545499471004,1
31,124.13162821732567,51.672892061014686,1
35,85.2711602292371,77.46786596165941,0
44,112.76832715980359,68.9812182983901,1
45,64.45435083433239,42.8470143835245,0
35,19.965002018967137,72.284977756642,1
33,137.08493441689288,72.44527207655787,1
69,32.25212091480597,67.3954548327261,0
33,142.97154176125295,27.97286598796103,0
30,92.20414941592486,99.61374578992302,0
46,56.25101323789304,52.033316893666196,0
26,81.89582414709903,71.06007883175911,0
43,82.72002420461772,90.86093552900954,1
45,18.14375572474856,53.86307907358691,0
58,62.98708000435872,81.91400454444388,1
30,114.88188293829386,97.74595397435247,1
53,83.85934050834558,48.71478082024386,1
26,47.971065796293864,52.421565618618935,1
64,60.23983110498744,92.44608471972549,0
31,131.51234307065312,32.77142942521464,0
68,85.94920547028099,22.287587068755386,0
29,86.32753654441686,92.71112038792894,1
49,144.79810697188637,85.72732592940642,0
55,58.31898886994686,97.80664260410657,0
20,79.73805188934082,24.65902261685426,0
69,124.58133569231258,32.494186435278976,1
33,117.453153599749,28.425004727184707,0
37,50.882921960370794,74.67329058349674,0
49,35.39729142672709,68.48080589977145,0
40,109.59511778529472,48.746815950980775,1
34,49.78358386897129,24.5938783521796,1
33,139.56123685077256,71.17295872372327,0
55,32.44843868854552,65.60963880920454,1
25,57.97255201819483,29.03225688484926,0
36,22.39627833486336,92.71277635789713,0
47,109.94621642655605,35.91597677375924,0
51,135.32045760357877,79.4807321715085,1
31,100.84306118968595,90.80606900343585,1
39,141.59665709405027,66.35799925549668,0
61,32.3480370976633,39.74791242386011,1
34,26.844080180464353,44.73988141001131,0
32,128.18571870759507,90.85980269750658,1
67,130.49400867717856,43.86057251011877,1
65,127.1903361594623,79.69523866538435,1
49,122.86026184205566,99.21321698043242,1
30,63.90082913171913,99.98533754901422,1
38,44.357381284837345,62.67837986154652,1
66,140.38854269970165,86.12446374288783,1
57,56.44502468452509,99.21998943369596,0
50,68.78503709214435,49.97383118735858,0
44,109.44045952597048,40.19276680562447,0
52,54.60307079918833,29.138668467374657,1
33,125.58257991073516,31.271971045850087,0
45,24.45467419029047,88.28450908965307,1
51,121.80966009750615,67.09784722456592,0
64,96.24992855340356,89.89673403139886,1
18,92.35414195533504,83.15640712257348,0
58,76.8809002837192,73.89957040384142,1
65,52.40115549826202,68.74497535254886,0
48,77.64948853321695,23.867112334247437,1
53,75.75384912252278,89.78201568025538,0
61,93.80681548571444,53.42736493437714,0
50,53.01252859049658,64.78294856571137,1
50,25.475403566780116,21.756280150161658,0
56,34.587075296283665,94.88588014902297,0
35,109.38895324731233,92.21923688736011,0
40,18.036464500797965,63.46224239344845,1
40,130.61981102713304,66.1849306534686,0
32,108.7436392097883,76.4013769922791,1
43,118.6916830765417,41.17559171489201,0
47,127.8579006276191,37.7532498170642,0
42,31.565909930574456,73.92183572813062,1
62,126.03089728095895,28.35379569271265,0
33,83.1267290839726,56.32496037787046,1
56,134.5457182316816,59.420833919927205,0
65,134.6891911431464,50.50695815321344,0
62,18.26403590681298,34.821454055818776,1
31,66.68680409027775,48.425301146028374,1
34,86.06383744181191,47.004580284835995,1
29,106.57861212069176,59.94125397190003,1
46,53.63514330235808,73.97446732628154,0
49,49.03920518972806,97.45880988209365,0
41,66.47087207702138,31.533060813946257,0
69,82.62672338623575,89.84136879528654,1
30,143.4047412397308,42.73424003122099,1
37,117.88464300415406,67.30982160011246,0
32,72.95835753659021,63.738955838709444,0
21,22.33943408942481,64.55587349026104,0
51,37.75027993940751,77.86868893750503,1
45,76.54979728312131,50.535064459919674,1
67,124.86649651332507,45.52799705894845,0
19,66.39389731644144,88.22676585483818,0
64,87.69704785058306,37.60760322194162,0
47,135.39365962148878,34.419682984891445,1
43,138.36249502259489,21.248594932420872,1
68,44.12962451976307,36.846222562334944,0
64,20.885314442000244,61.482514665336666,1
43,56.23042168115452,63.080709841129085,1
37,108.93331250148032,40.35363929564275,0
59,143.40014713179596,25.78193360329599,1
45,25.39931999785538,79.5712637076165,0
37,18.845314424151653,80.63802788498398,1
28,134.35987375307246,99.82691170332492,0
27,115.99961132892406,92.00236564277742,0
40,148.95355818600265,94.0849651614114,1
54,68.56703899786318,83.85630605951535,1
58,71.16687219346386,69.24022827059993,0
69,38.262098035155695,30.28367660836084,1
36,30.639365600640694,69.78506379647021,0
62,93.12693142968213,24.47646883317013,0
35,64.1784751748024,90.82392890169538,1
66,25.842720472608086,58.545706833135796,0
44,134.74325438564819,75.79782655806402,0
23,41.77812321365997,24.17949309567712,1
27,116.05888684547693,62.73987383382603,0
19,53.100860475945005,44.101071828269,1
41,124.74215215162788,42.79746125897965,0
55,30.983573592733297,51.1724731762546,1
45,117.0696673799378,20.051156868842792,0
45,28.24604797656918,57.33287053761388,0
62,75.33363136068735,58.92533468863506,1
67,114.09058733094662,89.05047326712513,1
56,38.384481460231584,55.88204863059859,1
19,53.5647734943076,49.08450350941383,0
63,131.7435439324467,99.57976410899707,1
22,134.49110832253223,65.6970659681997,0
67,21.06628608111804,57.809056690731154,1
28,37.69222902265166,59.674866763870355,1
27,30.858711936835967,84.7345038007044,0
60,39.258567777925904,47.25410951761287,1
19,145.9753427813468,51.13283701487565,0
32,89.47345858671163,80.46986874699724,1
56,78.19517271141513,25.83869916910156,1
58,147.90309536750317,89.2135326514607,0
54,90.18907753119927,54.416215717437595,1
24,104.25092019164582,66.50343804045187,0
37,59.924023716639326,80.59809274078681,1
51,66.585506708785,41.28415379514759,0
52,95.24526681422486,91.22513666565209,1
51,24.421080840062743,98.33799778052887,0
39,49.54418961604465,59.541948912489964,0
48,41.56958617714146,94.95498920261386,1
40,17.145608073900487,20.090289802158622,0
36,87.48167152025695,91.53902637084227,0
21,90.74213333572368,44.88362558010444,1
41,66.83179511002996,44.919633978208154,1
37,51.278208377746765,38.24710918159515,1
56,103.02808325927434,45.36111209207215,0
45,33.178986786901675,37.078766695890806,1
56,85.0130292707701,92.46952850479774,0
34,118.6899880844337,91.92189817706931,1
36,37.18022783358376,28.1769051936498,1
65,116.69003771043553,31.428674309319398,1
52,117.70725873570872,88.96149112085332,0
49,23.090097511111413,51.91502166981968,1
64,17.535884021769547,33.54173418714226,1
63,146.4812798084063,60.85355219492538,1
64,41.10665903234137,53.3334439936076,0
63,125.9887932285139,37.53292429903722,1
56,90.8498381611153,77.66017746221075,1
52,50.70374126749457,70.50314498661848,0
47,32.5460089435397,27.972929084435243,0
34,82.05143193299321,94.0309371460274,0
59,69.99289956997573,64.67759725840553,0
64,109.34962149080415,40.01635896508334,0
46,137.0627541889431,36.50334520578908,0
23,123.70849174006419,30.875838509776123,1
34,52.051026777649604,53.97099251122806,1
34,133.65598449106128,30.84328104726694,0
31,127.50782740412156,53.26531300761809,1
41,140.4333915524387,31.901634258729416,1
67,76.91921084012833,72.54460172191115,0
54,118.75764827526879,82.81936173490865,0
57,94.8738388456955,63.961819801820695,1
56,56.91787159418025,74.40454998839178,1
49,149.24818534327306,95.07029896672488,1
53,20.17150802335428,71.06972236564863,1
67,36.90679729547508,49.132655854710606,0
54,135.49321894180582,55.95841269399324,1
65,23.175983860705525,88.84201808576296,0
31,134.72079009137542,30.45762551600771,0
44,111.55489926785711,46.058961796034616,0
36,19.95234072826321,66.18240551763873,0
48,72.95820578531384,74.11116555267475,1
63,116.85364912530201,81.07992603453641,1
26,93.71853842515796,45.45654367968697,1
55,141.34262441520184,31.66873072073202,0
34,132.13194444311998,96.38713677412478,1
36,59.907430770109706,26.111377370563158,1
61,26.424671395212197,27.664428462950834,0
21,142.47470035216293,59.595403352157504,1
65,84.83371364867008,85.54168225148787,1
28,25.04367929021305,81.96032850842613,0
39,125.23770780350273,95.01594129552734,1
21,132.24837354252782,31.32820604903907,1
34,101.32232642383708,50.058180564994885,1
25,75.41371036765588,42.571370297736806,1
63,104.39335666368231,88.86960988437376,0
51,110.40229892019168,59.06836962249603,1
28,135.55904434160567,22.147834753253306,1
48,144.04132685058963,76.63715254707172,0
28,84.43332587277304,51.09584782612821,0
55,122.79676202608594,62.491741069680984,1
38,145.2087900588734,91.50299416079984,0
63,35.41785064984041,40.53902197062493,1
47,17.466177517306352,39.22117404897417,1
27,132.31010933451967,41.055400334407146,0
43,41.3618999883667,47.048639300776216,0
44,20.734633495293128,28.58831797168797,0
25,36.612978583755016,75.77757286468716,1
56,66.85551301790886,36.591897426330924,1
25,44.60086971499831,94.09165978164685,1
25,56.20923992855982,37.25490511278966,0
51,146.66469694305624,40.451362344702005,1
33,110.09474846194763,43.76161830486531,1
58,111.14588331418254,81.48304776091328,0
30,27.78252558826958,54.20851899536238,1
40,113.83327992606338,85.54676992244949,0
29,114.81148494896615,82.78829698846309,1
44,104.06557748489536,94.35923382139732,0
39,45.83889995971313,80.52833240832439,0
49,72.10988417609497,24.152893573525027,1
66,129.2473213803994,86.98250189592467,1
44,105.47721996098456,95.04580773643289,0
19,113.92379272498681,99.49513540397352,1
62,94.2955440169842,30.02140753059721,1
50,75.69419088009009,69.06186154612277,0
43,117.47202135905961,35.95669327073275,1
45,24.16998493945117,41.00077127300792,1
36,105.87669892533566,79.64674705782863,1
60,149.6226085598417,98.21341741592482,0
22,120.32591047818427,67.58844011704184,1
50,54.226074062956464,88.04675758577979,1
37,52.50563178522638,20.710704306306233,1
47,105.07451243011695,22.930531187969542,0
62,135.9403246961516,67.73794698606906,1
25,93.02321501445878,51.11864812803513,0
55,86.19930876795787,91.18062519785231,1
34,36.651858068895635,44.1585530468587,1
61,111.58668897357524,54.564082200323796,0
18,109.81031365111525,62.232735826525456,0
20,145.53843796506942,41.843106630899804,1
63,55.52594488126469,92.67958939626355,1
43,117.12013930961679,57.162686772647774,0
48,73.59881026167992,53.932448729521354,1
25,90.39382686817822,87.98024391474661,1
60,125.22127050607536,44.958272131831876,1
63,44.969331077561705,85.39722756087687,1
25,61.287279836201016,29.781828217707957,0
52,119.3966704766756,34.62308266919197,1
56,92.01181856386123,96.06733329373878,0
45,27.477093782184475,87.39579926461664,0
68,73.07509201509926,51.0319121165125,0
21,94.19549725135721,71.07651589736236,1
33,137.78483772008212,95.43761515447646,1
30,40.44588674171622,36.94871222912674,0
37,123.80365073096019,24.720837617840054,1
68,32.634305215339836,62.99744516042442,1
22,47.701814110233975,31.40775029308746,1
54,47.85142427116661,34.98552741691001,1
37,133.45969144769242,91.32313517852636,0
41,41.867388422023254,20.59227669159131,0
53,121.23969814303022,85.34560211710948,1
51,77.34388209264868,61.35606210684861,0
62,149.87725365263697,64.74355101162402,0
65,128.27735231803422,73.741436836509,1
51,114.85992315045543,54.51559938464083,1
36,132.5480513980464,29.248951055393178,1
34,100.59410300167953,28.225617904385906,0
22,128.89305463134718,80.34897593471541,0
42,50.25212439379654,37.68281146138279,1
35,28.189933498645118,22.248134689411536,0
67,98.15082095670027,98.36911112791529,0
25,73.6832030095841,98.43132154885546,0
44,72.56950736447831,50.25130698750239,1
32,86.11096007805624,22.04190756456906,0
62,63.78665256134824,78.18117268741997,0
30,99.51803674478192,86.48096483885354,0
33,19.126729591930037,30.001095209264783,0
39,145.93533115403804,30.836689192738902,0
37,139.835713926152,85.77791997574325,1
30,141.26147194856105,93.75259109721878,1
37,64.27547190380199,83.26038693393197,0
19,86.80527928397846,36.05959593356236,0
52,143.80763141277265,52.921697554737676,0
64,136.81671761772418,68.06739406927312,0
36,121.68300424665489,32.823477905666294,0
62,69.98976462942497,36.848199410600664,0
54,91.18579512959342,42.6308857654844,0
23,122.04318401924743,60.76106162326692,1
31,51.85661939790429,60.86439097420381,0
21,99.57066471079503,85.14356154780421,1
39,126.77113385500067,80.24081605501004,0
68,110.50639688394169,93.09885400879536,0
56,79.7298852107851,86.63213782596772,1
53,93.92212853994637,40.310203864452376,0
51,148.4711983246822,46.50374154431999,0
44,96.26835227737337,60.0338594906027,1
24,121.0583967925169,21.141690765091568,1
20,113.09164319098446,92.31216050269771,0
64,109.70123309646404,23.547537004987138,0
50,111.70982244039588,45.7953016653309,1
19,76.34531642299763,65.53398329571253,1
59,79.01162355994691,61.42731108854926,0
33,78.1614695437056,72.35679142606998,0
42,19.48937197370209,62.20161402353672,1
32,47.54381959486367,38.32011405624275,0
41,35.86614089773418,36.08625502350975,0
32,134.67007653862973,92.57976552603989,1
48,52.12086447114812,41.1173389388474,0
31,33.68975565284795,42.47817871036108,1
31,31.168535807969466,53.03623168802757,1
23,109.49862766454142,31.155066171997916,1
31,15.821246973519504,60.58182755385923,0
34,78.62609423712861,73.20254093617052,0
35,31.047599255756495,82.88003936618935,0
37,129.7045559808472,76.91633934913833,0
68,144.39079812108187,31.810877126421097,0
34,144.43187318901198,56.48537159767392,0
33,74.66515470781385,23.086896064654276,0
57,102.00950129869753,21.42383973767594,0
56,95.96005842895052,55.210433461904046,0
69,62.25525168710365,40.23683955661032,1
49,74.94870634177171,74.66886358986902,1
61,23.683699126493565,77.93926294507301,0
26,122.41936941065077,91.63229796466045,1
44,47.50847414087357,80.8546010831231,1
63,77.17118970341079,23.859529850923337,0
69,79.88379903824693,49.72984082862141,0
50,90.69608478542796,41.841868140169765,1
27,125.41334611489215,50.8905959861729,0
34,108.40394123480621,32.80605271749613,0
66,104.51351163244092,27.816328295247477,1
66,86.11064193366687,61.678763400672054,0
53,27.95402691778964,77.63050486931155,1
34,69.27114367286629,76.15287215455542,0
35,144.23777492422454,56.075545774098174,0
69,149.39899016391408,61.78231890311569,0
40,113.61724972362396,61.30629780069131,1
51,45.71452001507708,75.3256302214445,0
25,28.75523721045845,23.834014076481928,0
30,70.99318847123689,76.79168870969791,1
40,130.63720681851032,66.576072060583,0
37,112.45167238582506,35.84869717372594,0
39,134.32545206804917,23.92470829970116,0
64,98.12980248418306,28.682223244631075,1
69,32.59432921960847,61.97530731354157,0
40,30.49745554475215,80.67268240730263,0
58,21.48031085506745,46.77258296996009,0
52,91.55579602742668,50.329912856417735,0
20,47.78964194434652,94.731713203689,1
51,114.14179158291832,37.04104672260608,1
50,107.64374134076348,28.29995396602813,0
63,57.94495022512279,47.472809104001435,0
34,38.86822497264869,79.6737695593819,0
62,28.824047222460166,70.08618328449055,1
36,114.5375619647681,53.26363514956554,0
47,75.80953438250097,97.18020262654645,0
40,58.67653841404876,78.79971506356586,1
32,130.64815713385212,24.948913950663503,0
31,95.13778423686685,79.57051550832387,1
19,84.93031541353889,21.923084472468666,0
56,115.35618727170812,72.02586584939243,0
66,125.10372393176392,36.8386269034127,0
35,107.61987598206713,75.71537672300462,0
23,74.40085301091261,44.78236533182369,0
49,66.20533701074531,89.84050463644519,0
38,119.1747666668148,46.95310692731684,1
57,84.91746668643862,69.57566843234375,0
45,110.0921205998458,42.87420477231906,1
44,135.20383652587452,93.37772361137426,1
19,138.64523568945492,82.47967848225379,1
50,52.491611297477306,39.46423010756825,1
33,40.365143286789404,95.90373700469277,0
56,50.27379364547311,48.57260716609826,0
39,116.43518902229287,72.149195813375,0
60,64.95783486623162,79.42825848915172,0
64,38.40755291357952,21.832172917192985,0
30,28.28204148844085,96.71738769257969,0
19,59.18728049200786,47.55530448698919,1
31,33.378419447319025,35.182311474497936,1
55,36.11043769199644,88.05662333827985,0
58,107.32433641524648,76.23194262587316,0
45,17.663832915234714,26.939461809868206,0
24,30.869690319434127,29.363566510141563,0
35,128.98934131376802,77.21534965229192,0
58,129.0634014774642,25.982660476726718,1
53,59.44786963308289,93.3740348099252,0
58,26.873656129778414,79.32321095581065,0
53,110.1709950639728,46.8393764773591,0
61,63.61777784947304,49.03510233802706,1
21,21.137724672664987,60.51968769632811,1
47,36.306642475472806,48.877553091883215,1
41,33.52399961514328,82.67748411506525,0
37,94.5307064167344,97.97895552812926,0
63,136.2458737864808,66.76172123505545,0
48,122.06472449866675,55.682986213402316,0
41,88.77966607732606,37.821931221457376,1
24,71.99094726520981,72.27467353982402,0
43,98.52135572429677,74.84614894523176,0
30,74.91472003231091,74.8152485611491,1
25,48.22338154780265,22.158802869479388,0
22,106.69165647255775,91.92976805283767,1
61,132.88793267507833,47.04852507433414,0
30,65.33749464191617,79.53326099852873,0
46,128.6076931383305,80.78455256802559,0
37,73.19607627527121,72.04439830497917,1
31,69.1803523184225,51.589321851543374,0
49,18.823788268848734,68.67073734532204,0
67,108.8626516846004,23.215895300630123,0
44,124.01284089036609,80.9516633750325,1
42,104.58018414040573,27.96709186626711,1
69,35.43372843791237,51.74007406396814,0
21,28.944618119606822,28.289503013197326,0
38,92.33593146850284,86.96595566552756,1
35,69.20469431492126,64.02419147487674,1
56,72.9282007705546,75.2764096135418,1
32,145.65303331030603,74.60657358740903,0
55,112.72956061106383,87.32849853268036,0
65,70.59134479304716,30.605552267610776,1
69,17.57840277863151,72.77825123239073,1
41,19.602919210191487,66.01072435229258,1
25,107.44849891219059,22.47176980570523,0
45,128.09473253489813,36.11383270582421,1
38,110.53985498920731,41.40572331025766,1
33,69.79484660163794,25.80451003433329,1
33,19.20332462062689,48.377584471904115,0
52,145.59922008175602,22.176200697238055,1
34,148.1553683913417,64.25467938061837,1
26,89.16421444497627,36.92007684638298,1
52,24.540580233839254,42.96024844073589,1
69,88.03128829845303,92.83773009370273,1
46,135.46569347980915,60.225347929882034,1
56,106.79804386730882,41.52111449955327,0
35,112.19854618941778,67.8769406598453,1
29,26.470928053353653,36.13371478939965,1
36,29.379070999293194,25.95165486113479,0
65,32.19208481074451,21.672508352021495,0
39,137.090872544234,96.1223236301005,0
66,85.9897008956148,77.9688659314493,1
69,121.86263801305381,83.99585186339058,0
32,30.56432008428603,98.47341825430655,1
18,140.23176524366033,94.53029627307517,1
19,125.85418235212337,78.95305589100127,1
25,45.34315954467307,75.51896558554554,0
39,133.01460149468372,46.947999754830136,0
42,50.56477251856925,28.32138014360817,0
19,42.720883710772625,65.89780386940608,0
68,50.67293146964867,66.10026360708738,1
26,137.84393354180224,96.17898283325952,1
26,138.60491804450737,55.40566453293675,0
30,59.41442958287579,75.26460994448547,1
23,110.23361498776441,65.99765019173773,0
47,106.22560944716474,34.14081832808394,0
32,123.88595533760444,67.36514462039334,1
68,55.02878251918769,63.20933674902561,0
32,83.86870315790425,59.51247951274844,1
67,105.13598338611872,61.073834691877984,1
24,18.544670539337318,33.11903775670964,1
28,65.85973061967888,57.078218498453424,0
57,108.94492828660681,68.45226174572774,0
55,49.10033757108301,59.155935894843154,0
57,144.29005444587577,59.09489561009178,1
19,19.071785153423257,26.201416783438862,0
68,144.34177032430208,35.26193216133757,0
65,44.263122181404,45.677815422040055,1
56,21.590975659924947,53.547759514072524,1
27,54.48399448518026,67.51499550868834,1
61,121.14811148418042,89.06760836184486,1
34,116.57967087048718,32.733179047092314,0
24,43.19345621707693,21.207042416855593,0
57,41.56666803489292,55.93897046207326,0
56,101.748288633613,54.56823179293025,0
21,76.84116310622362,64.15209747961379,1
52,121.9591436996718,86.65774170972004,0
68,18.257925123494736,84.18884407859824,1
64,97.40560120267709,28.003462754400896,0
53,113.64072165238325,94.7196293341339,0
48,149.1071251238703,28.833151573955575,1
42,106.63552872197432,70.76564068273889,0
58,46.299096134245445,73.79250348764606,1
30,29.605136308805236,74.39019897784705,1
35,101.52376457695017,41.228093734031276,1
38,85.62971411495916,46.427607341199355,0
65,136.3846139400772,63.89415001195175,1
18,113.09208285947213,35.96699966400787,0
53,83.81523075575379,21.624837426668098,1
67,69.48457855329494,64.97155636068605,0
25,69.59058444206073,57.22228576096058,0
69,45.55107863041667,72.53849649787696,1
65,17.339006187019102,31.736046066692793,0
38,92.61292940795933,87.27399156718812,1
60,43.67598889063405,31.697719076842183,0
69,43.1241338932856,91.30748839040189,1
38,31.926465871324865,55.96169380765624,1
44,40.59539117385352,63.984420749815584,0
36,19.291535189943588,91.72650687711909,1
40,106.02124571605182,43.99304387816536,1
68,69.18861070221372,34.54615969929212,1
67,90.80582083437459,55.66012966555629,0
68,100.98927843280794,39.54937828221654,1
60,146.2854159072815,62.22751292322536,0
52,24.215891890492635,42.020629155545315,0
57,71.41888745224412,89.15916284763655,0
69,48.19622102607494,68.58596738061807,1
68,79.35611080066991,20.01925357943218,1
59,139.2637605828749,84.43789877438599,0
65,112.73787580850042,46.416986938091675,1
22,104.3631941747856,45.61663873239657,1
69,74.56819331820896,50.64502497075739,0
58,105.60018728054884,70.42100224672646,1
25,19.370675932045092,55.36485683153784,0
28,94.14222072403575,70.2908437255762,0
33,89.7598359508985,31.74245773086339,0
56,61.79645831503103,97.61315716192686,1
64,42.204406932254635,78.36850296670912,1
41,124.01999938490563,40.01656857427064,0
38,22.271385451438025,77.93359264598207,0
69,24.40583669718435,66.00203650093115,0
40,74.47043543785978,28.735119712281172,1
66,49.094863900161684,34.255714143050085,1
55,115.63607582344775,23.304651353717183,1
64,100.61566038436078,84.73904573397449,1
25,119.29219747709524,64.1363802076188,1
24,58.831659105603144,45.33989189201695,1
19,114.9700568484121,30.107592162256005,0
47,131.41093686356385,58.72367007683033,1
30,61.61205674650718,62.0209077374351,0
40,60.8859358568475,76.15588007844042,0
46,136.49343952736754,97.59497683576731,0
55,21.721684180340734,54.79564243258998,1
54,62.27556977366399,52.48273652754954,1
37,31.02078642969355,49.5944003672098,1
50,18.912379683746792,86.15391271734889,0
46,30.237371382320987,32.50537771193903,1
67,73.21818180933738,47.50503229080715,0
32,107.73906934575174,77.99766439003128,1
40,54.053127299665,21.25559482739572,0
59,129.70616649915183,43.15045788845558,1
20,74.07810987967726,71.31577302037678,1
54,145.71078687983538,34.876167840064376,1
46,143.8110153748995,44.21684552994169,1
62,119.39229006002003,58.883605958658336,1
25,140.87474197979344,53.761885277574976,0
39,110.45797028175006,28.48217519643031,1
46,135.90373064880947,95.0588257804506,0
19,46.92395184445138,23.54341764656742,0
58,61.63172702386782,79.97942051382543,0
66,116.6455589106563,25.713821687292597,1
67,72.3157671578852,57.38366424200635,0
62,128.03920356630994,34.03290333243288,0
18,133.48124766434964,31.287823714314023,1
61,55.463480437324854,30.071838123338004,1
37,126.16585910559242,56.22293093562739,0
69,35.82567659379526,61.238792750983386,1
38,60.11655605747462,30.67075948342719,0
54,84.92526840138751,98.35165842129916,1
25,45.56990788402544,40.62127094897785,1
44,93.2011569926519,56.707307168222655,1
64,93.12383562688228,37.301564608152646,1
52,42.931890804872275,59.51381163596365,0
23,122.41158155953666,80.48132659721456,0
62,100.27200607055208,61.68816114355962,1
61,57.89766842136883,42.851909657444416,0
36,46.34494576848941,39.871728698715046,1
35,133.63126874265663,80.71475249816427,0
18,127.82520310532811,29.45905405810106,0
42,46.017691105496056,49.59731955246956,1
44,19.806705579728686,32.118617332310826,0
24,123.61190042532172,40.638066343558556,0
61,98.09365496078082,32.21465859879618,0
59,28.619073787217058,90.94180068339413,1
46,94.29335783955084,78.55233592104256,0
48,76.04466252382872,64.87417968354092,0
61,119.56429420894837,37.95401779964265,0
60,43.22645369142855,60.81814617593559,0
53,76.17616048117858,61.66665651580579,0
36,36.092955424008764,67.2322980523125,1
23,144.26617575446429,24.806812577818516,1
42,120.12965118489716,97.8321576957365,0
48,114.45752757768852,57.23511764802585,1
26,108.17789977780826,94.12254192792827,1
37,72.15041973296152,20.78464917711811,0
27,139.64312611992455,39.804671650824716,0
54,24.84379661014573,28.319645625066848,1
44,123.4399746766585,81.56929418838173,1
30,44.05641883427391,45.6100039675769,0
58,58.74377401056948,87.23940067325975,0
19,85.12301341058662,86.59082925726855,0
67,120.65842649250324,73.42358342452559,0
38,128.20221253325445,73.26254428351817,1
50,93.80385377161686,76.0127753658508,1
41,69.4097910061825,73.90110677038196,1
61,142.77782688943336,50.95266861474792,0
59,48.28037493831472,74.62621156548367,0
51,123.41776774388578,91.7925575353887,0
26,97.62669889550068,46.6058793501299,1
19,65.88082727950385,95.59112209719629,1
47,15.184677889077468,21.08652703190158,0
39,75.29090568206462,47.92660306121897,0
63,52.3571996682104,30.567872138299215,1
28,29.086792798950682,30.12958632360189,1
60,25.146406320641454,85.23435952092547,0
34,61.920374187066265,93.46946518000983,0
53,97.99224747998755,82.22066033863885,0
30,128.06510757424445,98.12925751940479,1
24,39.78103806788913,37.30631761330166,1
33,72.3269361267217,31.263992976775235,1
50,67.91407891919054,61.656302563169085,1
62,84.30819124314961,86.32300917940944,1
18,124.29428155928963,23.187127267044776,0
28,89.7421044298967,99.64525287999055,0
23,129.29841332280972,68.17967433642582,0
37,85.00448706931199,98.3153449745102,0
52,96.51939429947164,49.20653065870216,1
61,74.04673773655361,56.64190564268714,1
54,126.11790333991054,80.18891539179137,1
58,139.7166728592281,83.4160360449055,0
43,101.28453964662467,38.642644268019225,0
29,125.80563063834202,94.38408690461782,0
47,22.96545008987854,89.39384974677829,1
45,137.32508644529878,21.456424248255885,0
44,40.50488402328182,30.285448468414646,0
59,49.630257688984074,59.68776851256539,0
36,22.19955920791074,56.87644112905461,1
22,145.32901579149797,76.67126840278684,1
22,130.02146468093082,27.17691008424272,1
58,138.27992155229632,71.58842453577012,1
44,129.37418264760203,69.30959449076659,1
45,79.73662461737399,38.68956787824355,0
43,139.75106110225306,63.39151714147196,0
44,145.8788307576704,37.77657655967856,1
69,82.84654186656867,31.753842168048507,1
66,38.70934547939315,65.85079477232564,0
59,103.91403871001773,98.19794226404562,0
38,146.68416913023202,38.9546679337396,1
18,132.73982608094812,48.42689194841215,0
45,131.34504877969752,40.525858079203736,1
65,141.06543226898307,41.31678573171958,0
32,135.68355517459383,52.33537073493445,0
34,119.79802464246954,76.14844085204962,0
43,111.96683234184668,23.10436192247561,1
37,50.74356845554183,96.56993565484481,1
42,98.88090289284065,23.702390359139798,0
30,85.40096393029508,90.50025455556478,1
50,131.36245236343382,91.55024790095992,0
42,81.38119742115973,61.95913500732186,0
25,32.245273078263025,30.959746289517398,1
22,15.671285518517138,65.21167764455551,0
23,106.5128712632698,70.29057279222798,1
40,89.2376322621668,88.6207166245689,1
69,59.67999208839053,64.07163006156557,1
47,37.811240255115194,52.85675167226706,1
31,78.00656852452678,87.0632955083291,1
40,28.53867378465226,98.47614378820951,0
28,60.37464604485432,71.60825641263466,0
48,66.19360734181063,89.95096298422476,0
23,77.85852380312488,67.89880902632514,1
28,77.99380143074433,75.18303931282446,0
30,49.69576186902743,75.0533694039135,0
29,129.77848251626833,76.38295894722123,1
19,62.998373344660656,45.68107551429069,1
52,45.99428670048971,66.05291170173699,1
53,38.73433426042968,67.53084671790363,1
34,58.5480832579503,45.20573013705856,0
45,24.11963920196714,47.988189416293096,1
45,19.442515602431172,80.97974120133718,0
39,96.69419656838714,66.61790724937993,0
55,98.58486336664065,31.936891837053487,1
24,86.4944073561691,87.01095909462978,1
32,117.90850135628278,90.64914296594557,1
49,20.285323477405527,57.291291836625135,1
28,141.35636960827813,36.71259456183415,1
41,27.83379163970317,95.80851963239242,0
20,105.99310424313514,90.5815651615661,1
47,33.00853950700926,39.550539707347085,1
23,133.78723349655195,27.647498904215794,1
19,83.94629373757923,55.25228860392854,0
31,26.109628037426766,74.11175891949917,0
58,98.25775521450993,34.03108681759552,1
35,16.229842424097225,61.05701267453984,0
68,119.76299408943302,54.033239541801336,1
61,102.82897319722666,91.24409190155725,0
48,43.70434116407348,54.36533062457029,0
30,65.59137368377264,62.702111498803006,1
43,16.053903756000185,96.42289568014579,0
61,108.64731502111268,43.97534126996517,1
29,58.560198563812094,43.11927455535531,0
35,92.16450356505709,83.96760639536342,0
26,144.1582297684525,42.20311889151749,0
66,55.428006247923975,86.5492696058564,1
38,148.68211435178796,27.6428487489316,0
65,100.41833211102147,28.90089978475747,1
66,47.68196994854317,92.10586993302174,1
57,73.9650142078698,63.26498259859483,1
60,114.96117152178462,77.5051413355391,1
41,75.27451753721597,38.02311134900354,0
51,24.248521591109572,33.301949470568665,0
25,37.76149428664321,86.79634097861121,1
61,121.82519568083265,48.6898725618599,0
50,102.53036522193828,56.40260952975956,1
40,91.92643943983805,22.237751782028717,1
30,37.62896605197918,50.87045873543731,0
66,128.09725512229582,81.63502464999827,1
31,144.69991479414375,85.70201418289355,1
31,20.51975816124039,75.90038311060334,0
33,25.534302538270467,75.37437868349937,1
66,134.43780794746624,60.499141327772634,0
55,125.09955429433732,63.06634634078584,1
56,98.42115149402464,79.41053974505148,1
43,142.57030321312862,39.78414390621783,1
43,102.26812802892043,38.52136545968448,1
18,44.15801222348295,95.99398591312438,1
49,113.36671370178152,22.21519094070203,1
32,102.17089654066103,31.157237093214523,1
69,148.07553477135397,65.62659409609984,1
38,43.87592441059689,79.02678709586789,1
35,95.71446640895087,63.03128663880094,1
47,120.32261550039154,48.405119693190734,1
30,60.76271706065305,98.23808954823741,1
41,66.25674371826209,76.30821481062767,1
47,134.86674817432328,86.51126728536633,0
19,69.56630874719897,23.219749935056324,1
36,99.33893500590796,38.87360883787069,1
64,135.04714856612145,49.93368748732641,1
61,43.32658871722578,34.60811184658225,0
64,147.5534350076018,25.831941816731778,1
42,109.76372708599398,38.007333167574416,0
67,81.97642870909505,62.69085049896341,0
31,73.17427618738469,75.65961986853642,1
23,143.8392230994531,81.92167383720647,1
29,42.77285171650496,23.434892389417364,0
37,57.077239674204776,54.23889377700729,1
40,56.55202199896984,29.776926686829384,0
47,54.01585518915257,54.49603091557375,0
47,78.25263610411804,54.71806792962361,0
55,148.53919649115747,59.8569349369795,1
47,134.98621350668935,91.42645010105915,0
58,59.27319172340063,84.40764020992715,0
47,72.08746562356859,70.93766761091135,1
53,105.37990076210073,90.83258583468246,0
66,17.315476894042902,74.27748932036987,1
51,125.72074392256246,85.50839686104601,1
33,133.77273773710914,65.10226407873013,1
41,130.7220451338121,62.01746013047205,0
31,65.63234222954739,77.92777942179077,1
43,77.3699334941681,21.575144958060086,1
25,16.672423457007035,75.23020573051387,0
31,68.91837198587936,94.76145747234918,0
48,77.1576210194912,77.11536638614032,0
19,137.4415295642446,22.94349794377748,0
65,135.6883359572284,50.23085126181791,1
21,145.4231036518678,84.76650418170289,1
18,134.48917298722026,96.6886840035536,0
37,16.10709577273216,49.61306845091018,0
31,101.59721506484966,87.29552447015264,1
57,24.212087218910504,89.10479002412104,0
42,51.80022866129803,29.862911946084,1
42,93.07152997852835,87.66307733749498,0
20,109.58286548501775,45.9399916510892,1
22,103.37532349880786,67.4590177252334,1
55,21.622879600166833,63.11696954851368,0
43,28.986522391889523,73.04430909888964,0
57,32.35921974572191,79.23717207557843,1
55,27.3409408639083,55.270487809486404,1
55,39.061647141358506,91.06486577193058,0
21,107.94585182706051,84.7598737249249,1
24,127.16302890648564,82.83368741182878,0
47,70.18987515991039,56.659747354743345,1
47,108.52550336782639,23.00583086756881,1
36,42.002195270886574,59.380512510315555,0
56,146.3928204705101,91.87564273153464,0
52,62.24966558577847,35.236012448601514,0
57,129.19203233765273,98.60739776084702,1
50,142.62446030496727,84.6152496010537,0
50,131.7363849881658,76.78638338256519,0
31,24.054132957939004,74.17279663378565,1
55,102.79146623647956,66.962070554701,0
27,31.21224538715941,77.65362585993057,1
45,15.764505070982556,53.75244449754564,0
31,21.990764932314104,87.62304864161037,0
53,138.68014152035272,75.70767648762246,0
55,137.64257442515316,81.70024899036392,1
33,45.48629234814456,83.39899377327836,1
38,88.85326399781454,27.365603656712203,1
45,143.92881540590002,24.451261815019034,0
50,82.05532750906295,84.07886947877887,0
23,68.13300571967733,40.750721683059695,1
58,80.23857369602432,66.55758460094515,0
32,121.67912780951247,55.4968684175189,0
61,79.43248039198677,21.76313629341074,0
20,120.74248697311988,23.22250065330172,1
60,73.27915516152595,86.17001938230365,1
64,49.02076561353668,68.61420491909792,0
52,59.073818525513786,61.90744629894759,0
31,25.506167726017402,95.54816667774003,1
19,82.14645449525231,33.84920207430759,1
46,34.994974860018104,40.637667172703885,0
21,124.55884585518893,80.53912625885019,1
43,71.77972751118071,82.01881823663436,0
68,118.27531373888262,52.39177571513316,0
29,143.85215771771553,96.0782747715008,0
19,129.67952321128686,95.06036621721366,0
34,143.44759676568566,20.99277720481276,0
52,91.67143112754859,33.786232187258,1
27,37.31879858737315,85.6175553347097,0
65,141.27845381479958,46.817334786080664,0
39,132.24809273056405,27.63701429598627,0
58,131.69575379403534,82.7999339538867,1
60,108.59204770017699,56.36668044601676,1
38,99.36369539512073,59.39286293722975,0
32,16.987725401279754,34.9095511052937,0
52,115.9872993268957,72.87160431511423,0
65,27.357240860178777,64.0993054498094,0
38,50.06637637384774,36.533835023126066,0
38,89.45118987243048,47.22652067513654,1
38,75.98389895826563,67.75034298689377,1
61,17.129542619145205,93.98978043467281,1
49,126.23798289098116,93.63010802571934,0
22,133.63812934160006,43.03247235179864,0
56,107.05284737206352,78.84967822079079,1
26,88.04416091867103,82.04152644190475,1
35,144.69960825142863,84.70584799862358,0
38,31.194088046005913,65.6609827801184,1
25,114.61785724477353,20.840639847967026,0
