Surface,Pièces,Quartier,Prix
106.16351564726381,5,Banlieue,493847
133.18240459285377,3,Banlieue,280672
118.681301232233,3,Périphérie,470421
114.57879992926235,5,Banlieue,285228
82.9708541281104,2,Périphérie,181214
110.19472240576353,3,Périphérie,170104
91.85910784436581,5,Banlieue,468277
48.112568664248755,2,Périphérie,127600
47.11648780633659,2,Périphérie,310834
58.53096089378685,4,Périphérie,299986
138.40434722607574,2,Périphérie,382829
91.16392924936436,3,Banlieue,274659
115.40769901024302,3,Centre,172528
65.05263877615118,5,Centre,126228
73.00305018647927,5,Périphérie,329368
36.323525222842676,2,Périphérie,373545
42.26834451681715,1,Périphérie,306284
127.55635212739892,4,Centre,382258
96.02902211955467,1,Périphérie,113684
63.87922056489646,2,Banlieue,447111
124.37065716942098,2,Banlieue,312077
52.047587732937785,1,Banlieue,107079
146.8842508180265,4,Centre,257866
64.82628900700206,1,Périphérie,430156
63.850424039659586,5,Périphérie,453902
60.548547719771676,3,Périphérie,169092
35.87449707015743,5,Centre,370069
34.447829153161614,3,Centre,94993
104.25365448943604,2,Centre,65095
133.7653457925461,4,Centre,302179
122.76766633531756,1,Banlieue,362672
38.34398722277564,4,Centre,408104
90.92567583296864,1,Centre,203097
33.7269009769632,5,Centre,52936
25.88830366970007,5,Périphérie,265783
105.33016172001975,1,Périphérie,57134
89.56980337844554,4,Périphérie,91393
30.66307907749121,1,Banlieue,197010
24.542102032778498,2,Banlieue,246727
148.6683337432135,5,Centre,175761
23.902773179379345,2,Périphérie,311839
77.78867289652075,5,Banlieue,74907
85.60047319900043,5,Périphérie,115060
35.24641921405785,3,Banlieue,362866
41.97803119716311,2,Banlieue,113963
65.73465083334582,2,Centre,337898
119.01786390777615,3,Centre,74608
85.92071512783467,4,Banlieue,233322
102.927243691885,2,Centre,129834
148.07269216178773,1,Banlieue,99336
119.84070659071725,3,Banlieue,305164
76.46699475835831,2,Périphérie,467751
78.03744983355134,4,Centre,74654
100.44037001533066,2,Centre,239699
106.49747709445757,5,Centre,368390
85.09242035876727,1,Périphérie,258209
103.8319589659474,3,Périphérie,412923
23.05922427383284,5,Périphérie,130840
75.85097230658974,4,Centre,481817
56.26194988955198,5,Centre,223323
36.79267788160435,5,Centre,203706
32.94104666514077,4,Périphérie,443572
98.41498152990677,5,Périphérie,303740
88.06807112983952,3,Banlieue,282399
52.96593520952799,2,Périphérie,377140
81.22350764042689,5,Banlieue,310925
83.99020097371309,3,Centre,123132
45.351167457020054,2,Périphérie,353388
104.77209804461458,2,Centre,110060
121.51951633019176,5,Centre,412635
122.89026031563746,3,Centre,495381
98.32107799144916,5,Centre,219824
86.51301572747182,4,Périphérie,250140
27.930928590701335,2,Centre,70895
57.418068850708764,5,Banlieue,56179
32.12528808116208,2,Périphérie,464638
145.29701091420156,3,Centre,107880
37.56041900934889,1,Périphérie,250600
39.730803280643265,5,Banlieue,416909
135.64496038296397,5,Centre,450193
142.71067685193952,2,Banlieue,283728
119.55777510053828,3,Centre,304264
20.702640077447082,4,Banlieue,351357
20.17501522435328,3,Centre,482622
69.1531000723686,5,Périphérie,321201
38.64139810141603,4,Centre,301763
22.390198479707646,3,Périphérie,56540
80.32866962258561,1,Centre,86427
142.5980466629063,2,Centre,309727
62.09654473731608,3,Banlieue,471308
105.94828819573054,3,Banlieue,440011
104.7905959072173,1,Banlieue,492160
52.64041347647181,5,Centre,287525
104.55528234710236,2,Centre,404568
47.60341665729587,3,Centre,428180
35.860963764995574,4,Périphérie,341614
111.17982712275972,3,Périphérie,202437
34.74730622350918,2,Centre,261490
149.59819841661619,3,Banlieue,436062
43.848812149529806,1,Banlieue,184346
97.23844215833948,3,Banlieue,465684
73.47869428363663,3,Centre,153412
36.43023491273672,4,Banlieue,387282
23.61970798506374,1,Centre,333751
100.95519669806832,1,Périphérie,387319
124.8784832925864,3,Banlieue,246806
129.4620359958767,4,Périphérie,469688
82.75275150000148,3,Banlieue,334612
121.06921073371012,3,Centre,179733
107.47012735351082,2,Centre,337304
114.15308857488732,2,Centre,179067
84.03787067883583,4,Centre,182134
102.34352623147652,5,Banlieue,229819
124.7183687648874,2,Périphérie,433593
71.724942822413,5,Centre,275134
124.77725711278589,1,Banlieue,355505
96.96218956257817,2,Périphérie,226385
41.56713316820221,2,Centre,168622
23.208940439196,4,Périphérie,479588
67.15796805188977,5,Centre,321611
91.07052267852418,2,Périphérie,470278
129.1766457864535,2,Périphérie,141535
36.573138418232006,4,Centre,116102
124.02682519886528,4,Banlieue,435120
132.1911759887395,5,Périphérie,356412
39.58937331010839,1,Centre,133960
130.70726150954846,1,Périphérie,171211
148.88896381956297,3,Périphérie,410298
114.48904803627089,2,Banlieue,254240
122.02005863724844,5,Périphérie,351743
149.27398478265354,2,Périphérie,193258
98.7125625683729,5,Centre,221553
60.02522966211242,5,Centre,495820
128.87900842988722,5,Banlieue,161427
99.88315107651206,2,Périphérie,277905
95.55540508372435,4,Périphérie,429981
52.97262221682497,2,Périphérie,157650
118.32345504577526,5,Banlieue,236846
30.61674586181251,3,Périphérie,326791
140.15731920330597,1,Centre,266534
62.35704990016302,5,Banlieue,256776
36.61070486269875,3,Centre,213129
77.50764930331445,4,Centre,313990
25.52108820334931,5,Banlieue,330967
109.00140525444561,3,Centre,343980
137.3517163578963,5,Périphérie,81665
128.84419092800613,2,Banlieue,333965
36.55803154822454,3,Centre,478956
36.41524782400514,2,Périphérie,293443
125.74648270215432,2,Périphérie,371870
140.15305569840507,3,Centre,300529
79.88707787835358,1,Périphérie,434633
84.86624519878957,3,Banlieue,468312
61.374065380144366,1,Centre,132898
136.2544653733338,5,Périphérie,246587
103.83737768800627,5,Périphérie,226571
57.472705031757904,3,Centre,232346
58.841773237052706,5,Centre,106485
135.8560094982683,4,Centre,416127
21.77242310775679,2,Centre,66094
61.95445445446299,2,Banlieue,287701
92.06636855812798,1,Centre,347845
39.2682700729122,5,Banlieue,143361
31.972838045946673,1,Banlieue,457632
125.98592304177279,2,Centre,427347
136.27257052430593,2,Banlieue,261987
127.06883470376464,5,Centre,235017
136.84242566585522,4,Centre,156455
91.9045562375883,4,Périphérie,378496
125.59355572874445,5,Centre,109284
69.92554299084306,5,Périphérie,356106
106.614821992275,1,Banlieue,429105
148.54861908059138,5,Périphérie,152812
49.34460409908657,4,Banlieue,439892
70.68696701784049,5,Centre,64995
82.40615905031113,1,Banlieue,460754
37.942013312606726,1,Banlieue,103263
30.535019360457383,1,Centre,340591
127.86397262181117,1,Banlieue,162537
146.98326846758619,3,Centre,426448
72.61425829785563,5,Périphérie,280535
31.394478705304927,2,Centre,110858
28.55552888977494,5,Centre,306946
135.87136682683882,3,Banlieue,233547
80.2958524645984,1,Périphérie,347651
61.60355115311095,3,Centre,446856
81.93996526112194,4,Périphérie,234225
61.37953231000515,4,Périphérie,180446
83.5746507899906,5,Banlieue,56531
131.7423315993318,5,Centre,308677
96.99917823807243,2,Banlieue,231023
110.3049904653228,2,Centre,218592
67.40718791046376,4,Périphérie,132320
116.00576420636743,1,Centre,243524
106.6602210343184,3,Centre,492998
35.54305970776734,2,Périphérie,183989
94.443570905026,2,Périphérie,319866
53.376654520268545,1,Centre,399419
124.53243705236706,1,Banlieue,387121
75.37190210070213,5,Centre,197948
149.30894147554332,3,Périphérie,324887
32.02505693206529,1,Banlieue,442069
121.44522215622061,2,Périphérie,56951
107.58122536048035,2,Périphérie,246080
119.7748479767917,4,Banlieue,150923
59.978873413759324,1,Périphérie,224884
83.96708361971207,5,Périphérie,237195
123.54610756408209,3,Périphérie,386001
50.23037311071115,5,Périphérie,92219
49.38431558252477,2,Périphérie,280662
91.63662392834121,5,Périphérie,303887
88.06326533888125,2,Périphérie,272370
56.694121153681266,2,Périphérie,379342
58.74983456822696,2,Périphérie,222706
56.11987121685351,2,Centre,475235
120.29656805980339,2,Centre,266811
104.74711252311988,4,Périphérie,307046
128.21423384333286,5,Centre,421488
146.81149368082282,4,Banlieue,173856
81.64135851535823,4,Centre,83840
28.67020458270835,1,Périphérie,368502
26.252000353564604,1,Périphérie,267355
58.436455105310486,1,Centre,453426
141.23079661581863,3,Périphérie,492206
88.01769714621373,1,Banlieue,229599
55.33224709041679,5,Banlieue,236947
71.89168328643254,4,Périphérie,233583
97.8173639626072,5,Banlieue,196049
104.88345555791949,1,Banlieue,401759
40.009536271777655,3,Centre,391548
147.01411795087287,3,Banlieue,265390
90.82038950776254,4,Centre,70097
37.63948131299631,5,Périphérie,189301
136.17258293499737,2,Centre,181536
29.702996040325743,5,Périphérie,414989
138.00560631307667,1,Périphérie,89409
149.5535353175677,2,Périphérie,412553
111.0561338903455,3,Périphérie,351132
120.15813873961866,4,Périphérie,379598
63.84936874077323,4,Centre,244495
142.40499085541137,3,Périphérie,355876
88.86281559408779,1,Banlieue,324063
115.21049805768213,3,Banlieue,396041
140.1340030684663,1,Périphérie,251046
146.7733968768161,2,Banlieue,262771
128.31656635756767,3,Centre,339609
59.3922759076639,1,Centre,98634
145.6511771517707,2,Périphérie,246310
101.65553906166433,3,Périphérie,487377
140.9835219257548,4,Périphérie,66898
107.89365335586574,3,Banlieue,192202
59.94106504020366,5,Banlieue,191349
68.10318813856608,3,Centre,335058
91.56133102338227,5,Banlieue,97610
122.70192940278466,2,Centre,332844
61.33773167424354,3,Banlieue,92768
95.36505159744497,2,Centre,92729
64.9312491649322,2,Périphérie,377682
126.05002260256393,1,Banlieue,195860
80.67465218983355,2,Centre,489840
29.97396749087508,2,Banlieue,66808
41.58682779259973,3,Périphérie,250297
27.9436067905522,3,Centre,100911
84.90938298186228,4,Banlieue,208120
33.82384865526953,1,Banlieue,499200
34.838196010252176,2,Périphérie,449979
142.33627380498902,1,Périphérie,71745
133.4451593828872,5,Centre,303465
78.77125758547757,2,Banlieue,341520
148.15469171052675,1,Banlieue,144290
20.024248662186206,4,Périphérie,115297
99.81732931554119,4,Périphérie,456971
100.13566305834311,2,Centre,485967
79.46759726308547,5,Banlieue,496351
71.60323648145807,4,Banlieue,405392
79.19980761247899,4,Centre,348575
73.94485669035846,5,Centre,205578
114.96402207269892,1,Périphérie,127129
37.59620654652693,4,Périphérie,85541
45.693098676846915,3,Centre,361983
43.467369691015065,4,Centre,403125
54.12117606576439,1,Banlieue,421904
88.28359444160583,1,Centre,461194
34.45713715396843,2,Centre,445968
132.86200839244555,3,Banlieue,499883
58.6569990701014,1,Centre,159828
41.129938370932024,5,Périphérie,393488
107.83077024777162,3,Périphérie,313906
24.951219077911507,3,Banlieue,167560
100.59591343364134,5,Centre,491857
110.76579598794497,4,Périphérie,454054
47.939149080273495,5,Périphérie,107832
25.455329547672456,5,Périphérie,61771
67.27389665952845,4,Périphérie,359748
32.81724993145174,4,Centre,321858
35.14212045753382,4,Centre,471117
53.053960087832394,4,Centre,155302
58.41083020147871,4,Centre,87974
88.89614433278467,5,Périphérie,166646
108.1909451153917,2,Banlieue,58517
97.06022231312402,2,Banlieue,66151
39.286843847637186,1,Périphérie,461686
42.371184218841435,2,Périphérie,208407
134.2400024730789,2,Banlieue,234864
92.58580095833477,5,Banlieue,58267
133.09191827669957,4,Périphérie,171734
68.30104647158367,4,Périphérie,412126
99.8720009660721,5,Centre,326970
88.0762440870994,2,Centre,389201
61.486053676660134,5,Banlieue,251246
81.0889983643674,1,Périphérie,189378
85.32381398750117,4,Banlieue,267264
46.10022671836822,3,Centre,195381
60.95134840897511,1,Centre,427536
122.88326756590683,1,Banlieue,183953
139.05247112903652,5,Centre,346893
66.77323216088894,2,Périphérie,111642
59.90639668717236,4,Banlieue,359089
45.37563139434472,3,Périphérie,460984
108.20385192457556,1,Périphérie,323862
62.002961216623845,3,Centre,301934
148.4074400828945,2,Périphérie,482503
62.33902426831392,2,Banlieue,332328
71.23768608174166,3,Périphérie,166797
98.43344550756451,4,Périphérie,181575
124.21895811486965,2,Périphérie,367387
81.03742649493239,3,Périphérie,380946
74.94528439256459,1,Périphérie,186573
149.43291836732507,3,Centre,205404
21.36417334819278,3,Banlieue,495975
136.35848755066195,5,Centre,95878
39.38830737216587,2,Banlieue,232090
122.17028590715874,4,Banlieue,78101
100.33110278001874,4,Banlieue,419485
64.44014711475197,5,Banlieue,91555
133.60374421773238,4,Banlieue,353303
21.677939637528958,3,Périphérie,75417
49.46978476974007,5,Centre,352784
93.69606351243968,1,Centre,429366
65.70049380646074,2,Périphérie,229469
99.34907439138259,2,Banlieue,284956
23.134325143126688,2,Centre,230693
35.13966096262263,3,Périphérie,185219
36.5225112283971,1,Périphérie,411468
44.60687396908123,5,Centre,172401
79.71308730407057,5,Centre,375324
117.77673094066425,2,Banlieue,142788
137.72004893075714,1,Banlieue,162434
128.598428936952,1,Centre,201407
45.59542333083886,1,Banlieue,315120
77.3495717899822,4,Périphérie,254490
45.92350770860955,4,Banlieue,385315
54.3813361667348,2,Banlieue,146105
85.4611075965452,1,Périphérie,54802
28.85417321405793,1,Banlieue,399450
48.36266284712552,5,Périphérie,419742
141.59916096992526,5,Banlieue,76766
80.59511804560357,2,Centre,324908
77.90024837712339,1,Banlieue,220193
21.89373011766626,2,Centre,407253
52.16196711758495,5,Centre,443486
132.61801667768356,5,Centre,432951
41.40169567362693,4,Centre,399741
73.96624213951374,2,Centre,171073
21.863017762710165,2,Périphérie,415350
82.18361261717226,1,Périphérie,290065
22.73274387440823,1,Périphérie,73740
126.54924189855399,4,Centre,255622
127.23098977332347,3,Banlieue,473971
122.40648447930808,3,Périphérie,449536
56.837328955845365,3,Banlieue,96018
128.84083836883633,2,Banlieue,384857
90.58975723868501,2,Centre,412606
68.59505415271032,5,Centre,172124
101.29289476155029,2,Centre,262223
21.60433598784862,2,Périphérie,369944
38.584914088097776,2,Centre,247568
116.49815996213417,4,Périphérie,100758
51.741009133099894,2,Périphérie,367647
97.74118525273745,1,Périphérie,460237
70.06333836699386,1,Périphérie,343618
131.12475124390397,5,Centre,398210
143.81398977956366,4,Périphérie,211263
134.86341468812475,1,Centre,132439
55.180599310167565,4,Centre,339248
45.24117297599069,4,Périphérie,197497
81.67653617069556,5,Centre,437033
20.953439608703437,4,Banlieue,105182
23.355221072213624,2,Centre,245058
91.92778315099001,4,Centre,228527
87.65842254148717,5,Périphérie,472124
149.2956585745838,5,Périphérie,118910
46.239438597288554,5,Centre,54431
53.5535107908609,1,Périphérie,157138
34.760283502417266,2,Banlieue,419124
139.2805912549868,1,Banlieue,144194
121.11546177959859,3,Périphérie,158395
126.90408448939017,2,Centre,108454
137.35929243538612,4,Banlieue,371946
88.23699827435897,5,Banlieue,81128
78.65511488859408,3,Centre,199043
62.95089157653015,2,Périphérie,177124
96.59789986522121,1,Banlieue,299821
79.05619158267692,5,Centre,378687
78.70352625872476,1,Centre,289794
141.80062228504806,2,Banlieue,468961
147.92409685628692,2,Périphérie,478149
123.5429706128455,3,Banlieue,212659
118.37855173210068,4,Centre,399956
108.47256103128319,1,Banlieue,382460
41.58973080335679,3,Périphérie,451834
27.683756713835088,5,Centre,251574
109.7944209647242,4,Périphérie,288712
114.74220889335487,3,Banlieue,237098
26.106488842758175,1,Banlieue,432669
140.64672752975025,2,Périphérie,153366
31.84828312780808,5,Banlieue,157869
57.16706939025631,1,Périphérie,217672
107.41067566383158,4,Banlieue,153654
42.08343727258192,4,Périphérie,302453
27.204065497491776,2,Périphérie,110520
63.049043591339476,2,Centre,194083
119.57630473117328,5,Centre,461050
73.77822826808384,5,Périphérie,234151
104.88647984803211,2,Banlieue,386705
95.35048263965777,2,Banlieue,101057
22.888402663325454,4,Banlieue,161404
148.51019831594186,2,Périphérie,413305
25.385651546520407,3,Périphérie,393346
145.81435589430305,1,Périphérie,223770
91.48234318737175,2,Périphérie,479478
145.21067351845863,5,Centre,459789
34.91796792379861,3,Périphérie,483035
83.75310749411672,5,Banlieue,242561
42.035531942587625,3,Centre,138863
26.626734012917513,2,Banlieue,331996
100.2787849581005,1,Périphérie,358147
47.011844725019884,5,Centre,106448
96.40061237738097,3,Périphérie,403917
34.607382653368134,4,Centre,58127
63.15824128625136,2,Banlieue,267227
121.61223254692213,1,Périphérie,198957
76.81669783948439,2,Périphérie,383136
101.60690393665372,4,Centre,190742
104.16953229692098,1,Centre,422063
129.68815571834818,4,Périphérie,317729
62.23996327286337,2,Centre,407252
109.34842313572729,3,Périphérie,495203
145.01005491600154,2,Centre,355621
114.93163346652284,2,Banlieue,493227
83.6831619733068,2,Centre,62976
101.9932677839508,5,Banlieue,202162
116.15877670920406,4,Centre,98533
99.59584954020342,4,Centre,168037
22.167855753679092,4,Périphérie,427499
45.32055469933936,5,Centre,64545
125.36086823801058,3,Centre,284082
55.44458415062301,2,Banlieue,305207
115.10307554294741,3,Centre,302518
68.37562798142082,5,Périphérie,263883
87.84496266053262,4,Banlieue,405771
28.83652897652248,2,Périphérie,110094
43.55932293646224,1,Périphérie,189759
144.4356052575005,1,Périphérie,327076
135.7179469480988,3,Périphérie,360928
104.79576441687652,4,Banlieue,231866
79.75379766014586,1,Centre,443917
107.8489680763791,3,Périphérie,236972
100.41933758221207,5,Banlieue,231249
93.91179322859958,3,Périphérie,66293
27.693019342260435,3,Centre,298013
102.2643393859959,3,Banlieue,368906
119.95960579425189,2,Banlieue,101497
149.2306151039248,3,Centre,187444
21.440211837260257,3,Banlieue,401565
114.92254893038796,2,Centre,214663
94.33261107167746,2,Banlieue,158721
76.42678289052438,5,Banlieue,352490
36.584122694278214,4,Centre,138541
73.18106932253392,1,Centre,453043
66.06903378819759,1,Banlieue,97519
59.367885567236485,3,Banlieue,367947
115.014351031887,5,Centre,274796
111.09431776695429,3,Centre,441468
96.5726118275185,1,Banlieue,106787
142.0264257281384,2,Banlieue,355052
65.48106994351107,4,Banlieue,307424
51.694251902323344,5,Centre,266040
105.26743070279194,2,Banlieue,271133
45.84582792186238,4,Périphérie,374889
60.951365933845196,5,Centre,471983
49.19831720973502,5,Banlieue,91063
28.98996380340516,1,Centre,58776
127.57483641263754,2,Périphérie,412567
53.09027057981595,5,Centre,98676
81.49357543459269,5,Banlieue,494013
25.630985523060552,4,Périphérie,328706
110.9141306128436,1,Périphérie,342889
62.972930299817804,3,Banlieue,139501
116.8157746177973,1,Banlieue,158140
73.6123978608226,3,Banlieue,346707
45.4482288327312,2,Centre,459377
86.71276069666467,2,Centre,492075
36.965592752867174,5,Centre,139113
77.27009078348931,2,Banlieue,110353
61.24971206466325,5,Banlieue,75380
138.55474594595233,1,Centre,440733
27.920733823693595,2,Périphérie,182621
110.22226383374647,1,Centre,50815
43.75765157836667,1,Périphérie,150718
61.47585966319118,2,Banlieue,203198
74.01682819806857,1,Banlieue,495943
138.04196161874665,2,Centre,285593
51.53517458959727,2,Centre,142121
31.87014433080713,2,Banlieue,200668
61.42964851876807,3,Centre,198638
33.60787616961933,1,Banlieue,58876
36.71754317487182,4,Banlieue,110832
94.60057773675346,2,Périphérie,362838
27.917251302934133,1,Centre,104112
24.021014581163584,5,Banlieue,153830
112.8738331911647,2,Centre,207831
67.01412232933578,2,Périphérie,390980
36.29879540040353,4,Périphérie,312080
52.96966021176207,3,Centre,360049
103.47124595581187,3,Centre,305155
55.81975372831065,2,Banlieue,357616
84.28774626565303,1,Périphérie,51278
35.820389874467395,5,Périphérie,468904
96.4521728887081,5,Périphérie,99914
61.09009889962433,1,Centre,232812
101.50589648873314,2,Banlieue,396967
125.09133469952297,5,Centre,245853
99.51403452069901,3,Centre,476079
58.44718313735269,1,Centre,260415
53.24668120127905,4,Banlieue,443722
62.56472463534824,2,Centre,414872
41.40066672074563,1,Périphérie,491443
43.55234061050261,5,Périphérie,466946
122.78984324702182,2,Périphérie,454155
70.01523494596785,3,Banlieue,379221
76.67937347417616,2,Centre,215149
97.22643052368545,2,Banlieue,97756
96.65495436970119,3,Centre,359890
28.758993297850346,3,Périphérie,490394
128.10030222389653,2,Centre,376971
43.05245191911212,3,Centre,467928
113.99931268645695,1,Centre,411937
120.44722845666166,3,Banlieue,123401
112.93693943187078,3,Centre,162141
95.26709405203887,2,Centre,203839
21.899169624154773,1,Centre,125717
66.84881400721218,4,Banlieue,311743
98.62912581713556,4,Banlieue,488952
70.36866846993003,5,Banlieue,392656
132.2523863386657,3,Centre,240524
60.14429579545,3,Périphérie,52027
58.15952301962586,1,Périphérie,190974
54.579700102045535,4,Périphérie,287041
63.26151296490342,5,Centre,195912
92.46264536084433,1,Périphérie,99965
111.91198825543681,3,Périphérie,249244
106.13382930604206,4,Périphérie,163963
125.00331659759235,5,Centre,459154
135.16881941466522,2,Périphérie,95789
126.09027550463567,4,Périphérie,72118
22.462902438666095,5,Centre,52391
115.66933396175854,1,Banlieue,197631
47.091944570383106,2,Périphérie,347174
37.28064555203774,5,Banlieue,378686
103.00354202388762,5,Périphérie,253967
61.56661540300034,3,Centre,357947
27.42523123815762,4,Banlieue,211961
37.89186547178697,3,Banlieue,350512
20.12082419309494,2,Banlieue,68268
137.41907155481195,5,Banlieue,225838
23.200337899361017,3,Périphérie,405882
47.22925003623644,4,Périphérie,411352
74.11416148942796,2,Banlieue,372266
66.35427237360648,1,Périphérie,141907
138.52436399866085,3,Banlieue,161242
25.237562945490474,2,Banlieue,498239
86.58791199801671,1,Centre,96520
108.46233012816862,3,Banlieue,131298
141.12073657855194,2,Périphérie,108511
100.64826277608373,2,Banlieue,197444
124.48818068152914,3,Centre,144579
30.88424191989529,2,Périphérie,273959
70.17213642180056,5,Centre,264209
68.61312748227877,3,Centre,455677
135.2174681392433,2,Banlieue,65632
39.67825226422574,1,Centre,193945
39.74520240376194,1,Centre,318496
62.7125594851538,5,Périphérie,322160
27.080586157688884,3,Centre,266056
43.71954528482371,2,Banlieue,417049
145.47725301094556,2,Banlieue,78224
75.66391218273247,1,Banlieue,416969
102.16249709491673,5,Centre,272639
114.3944637148028,1,Périphérie,110192
67.70498291093605,1,Banlieue,448565
39.139519673367204,5,Centre,342152
46.85553210883151,3,Banlieue,123595
60.72464195547935,2,Banlieue,65142
102.68889464578933,3,Périphérie,113499
71.77647138157707,4,Banlieue,323959
20.885910727016654,4,Périphérie,130683
88.04293405877134,4,Centre,151593
139.79674094796434,5,Banlieue,61312
125.57008943112828,1,Centre,375318
127.27747826375204,3,Centre,414663
123.35754228879705,2,Centre,408581
62.08500732935507,4,Banlieue,107405
119.47519838807096,3,Périphérie,456485
38.61097651545509,4,Banlieue,352525
105.50309914587396,4,Centre,453887
103.40391366904927,2,Périphérie,251222
23.324073881665505,5,Centre,246629
122.43611736682111,1,Périphérie,403041
137.42225366236698,5,Banlieue,91984
54.763986201373996,3,Périphérie,284393
125.61079414419962,5,Banlieue,426372
30.712776342053267,3,Centre,423586
97.99582157393858,3,Périphérie,480259
83.13409249345602,1,Centre,364222
90.97005933017,2,Périphérie,143496
140.40667624496484,1,Banlieue,59126
133.27098214209096,5,Périphérie,265737
122.06087544116842,3,Périphérie,281166
55.58079949818823,4,Banlieue,158118
138.53642172919191,4,Banlieue,106113
32.67600002030378,3,Banlieue,313793
130.93279815264242,1,Périphérie,393915
62.66080940596901,2,Centre,496919
26.99040051605784,1,Périphérie,391236
107.01640795129728,3,Périphérie,407134
50.06639068107421,3,Centre,327407
51.66424636240215,2,Banlieue,493665
59.786131609740295,5,Périphérie,337980
28.279019775327175,5,Centre,437113
43.02652874577302,2,Banlieue,475603
20.66815158612284,5,Banlieue,468436
77.90323774375229,4,Périphérie,221636
30.953199064336268,5,Banlieue,85397
108.74483865574587,5,Banlieue,127343
50.63097065491429,5,Centre,76650
142.66463872457302,4,Centre,97428
133.26271156182483,5,Banlieue,133093
57.62731634586707,4,Centre,203492
121.81800910536823,2,Banlieue,294592
124.42183760642482,1,Périphérie,370256
148.25320483487334,2,Centre,144917
97.71919828993904,1,Banlieue,352635
30.655545503676084,2,Banlieue,366916
104.08883976042952,1,Centre,301380
101.24736728888458,1,Centre,456628
102.98557506465613,3,Périphérie,99947
59.928934253547496,1,Banlieue,129704
131.75834606044327,1,Périphérie,242899
144.73138378420356,3,Périphérie,107020
48.3026266871597,5,Périphérie,304833
31.45978055776378,5,Centre,229280
45.28955431190293,3,Périphérie,178068
126.67177810324344,4,Centre,126495
107.96380252658017,1,Centre,200902
102.68615450408646,1,Périphérie,323581
72.23310756422518,3,Périphérie,309103
95.11763629648664,3,Banlieue,123630
60.02363628566776,4,Périphérie,106213
82.03601032433497,5,Banlieue,62004
123.09819368818526,2,Périphérie,55591
147.5614076692101,5,Périphérie,445914
141.22356006667422,1,Périphérie,70289
141.40257257001235,3,Périphérie,379049
72.28908553012461,4,Banlieue,442393
80.94268446588282,5,Banlieue,94126
111.7326015279676,4,Périphérie,246335
139.88495064666694,5,Périphérie,483036
38.459253715771005,1,Banlieue,425362
59.551442297535445,2,Centre,270366
38.10208979723424,4,Centre,393157
99.56110889472919,4,Centre,425019
59.81912959537988,2,Banlieue,206612
62.39402082663455,4,Banlieue,451468
29.219074733437303,4,Centre,261712
65.47348803498696,5,Centre,287513
132.1245459622061,5,Périphérie,499868
50.299465545808545,2,Banlieue,429486
110.37437060730853,1,Banlieue,212796
101.85168484201705,4,Centre,54655
132.252999087985,1,Centre,331778
37.19743319463497,2,Banlieue,366761
147.08669484485563,2,Périphérie,342861
95.74172398524752,5,Centre,485538
149.41163980508585,4,Banlieue,438336
138.4969143625606,3,Banlieue,251974
48.79724537470375,2,Périphérie,78285
27.301061287430706,4,Périphérie,264226
53.233082193397,1,Centre,360159
88.58327436992458,5,Centre,323469
42.3075277184747,1,Centre,292161
41.769766787338504,2,Banlieue,260968
80.1371611236699,2,Centre,182192
24.324836252016595,1,Banlieue,174806
35.84545072919516,2,Centre,275104
74.06197412303318,4,Périphérie,122271
28.20688819703564,2,Périphérie,203308
71.57815733921882,5,Banlieue,195790
81.62081457329786,4,Périphérie,314209
78.66465982950487,3,Banlieue,80007
132.99273146240137,2,Banlieue,423350
88.90811915672522,2,Périphérie,303070
80.83746012214564,5,Banlieue,351872
73.3922019009166,5,Périphérie,366392
126.29103917958321,1,Centre,181167
136.3573585199783,1,Centre,261667
130.9215209956253,1,Périphérie,480310
107.56105515708082,5,Périphérie,395017
37.85702697592765,1,Périphérie,486300
55.99309603396159,1,Périphérie,385814
25.988198278657066,3,Centre,129020
141.00712974871482,1,Banlieue,79041
105.90380885981834,2,Banlieue,309947
117.0271749607214,5,Centre,211015
60.50432614568976,4,Banlieue,173956
129.93495789605453,3,Centre,413244
53.74842688210221,5,Banlieue,215146
20.21368842461846,5,Périphérie,192650
68.93394512769021,2,Périphérie,432494
94.19899252467954,1,Périphérie,430829
82.23163153551792,2,Centre,210364
132.06989853495762,1,Centre,424624
33.7026871743017,1,Banlieue,432850
91.99704728238433,5,Banlieue,240768
86.68731547671797,1,Banlieue,79912
56.581087682381195,3,Centre,50713
126.88965463501137,3,Banlieue,285481
117.87032526468681,3,Périphérie,204833
115.27169435313803,5,Banlieue,498709
133.9050221750423,2,Périphérie,397584
113.96199808079776,4,Centre,392573
50.13936792291444,1,Périphérie,479859
111.72315251445984,4,Périphérie,449475
60.0013657406797,2,Périphérie,193184
51.482704545171174,2,Centre,124694
29.490467076951553,5,Centre,385651
116.72371544519797,3,Centre,220223
112.43012505347546,3,Centre,262927
50.48493209763218,2,Banlieue,333678
117.41927217414027,5,Centre,458542
139.3193148021619,5,Périphérie,238589
34.043764473905306,1,Centre,402492
50.242762990280745,3,Banlieue,170752
117.53390323135102,2,Banlieue,364087
55.68586755592017,4,Banlieue,50710
101.20631665688319,3,Périphérie,442178
30.551349180282887,1,Centre,63670
78.78632228346004,5,Centre,370739
116.0818848590839,2,Centre,70816
109.24681259562283,3,Périphérie,169810
125.95937308785489,4,Périphérie,273741
134.06877645841195,1,Banlieue,238972
120.51385516363857,1,Banlieue,136326
107.30640658206038,3,Centre,200216
24.12392393608405,4,Périphérie,377467
89.54566754322772,1,Périphérie,351165
24.900704238930864,2,Centre,82316
125.04881622508294,1,Centre,386292
61.69418817979449,4,Banlieue,73870
93.11581863532972,5,Banlieue,294316
56.32788995145734,5,Banlieue,167028
121.72501876943817,3,Centre,314460
135.24532846344732,4,Centre,167597
71.82352424769832,1,Banlieue,493231
132.17991115642857,1,Banlieue,189377
54.71975096932321,5,Périphérie,158882
89.50591999981809,5,Périphérie,175309
131.6389858790315,2,Banlieue,453412
62.36457454005275,5,Banlieue,336298
144.02549446015115,2,Périphérie,378807
35.84433523157987,1,Banlieue,463104
22.37575906405581,2,Périphérie,460342
137.53759583516478,2,Périphérie,382525
28.92432659922339,3,Périphérie,139020
148.9455954731739,5,Centre,429517
143.6815920572838,2,Centre,141699
37.812718304721685,1,Banlieue,384304
89.88600134003356,4,Périphérie,358521
44.03963867072876,2,Centre,391499
75.66017249391558,5,Banlieue,289708
27.98526680377825,3,Banlieue,337426
49.110196413556636,1,Banlieue,478994
67.22546353185695,3,Banlieue,95489
77.02417503198713,4,Banlieue,188981
147.07451356715612,2,Périphérie,325110
125.02253393891756,2,Banlieue,483824
115.86329276055301,5,Périphérie,93008
89.81537091645666,2,Centre,60147
129.19970887856465,1,Banlieue,75087
64.11196863524245,4,Centre,73582
112.15688466053109,3,Périphérie,458517
149.19191679916239,4,Périphérie,374566
60.90175816157584,2,Centre,354697
107.62227953491575,3,Banlieue,285157
129.7609323398097,5,Banlieue,401878
139.0549858355874,4,Centre,120041
113.33124982221324,3,Centre,226373
56.86903004422771,3,Centre,270501
62.41667970396304,3,Banlieue,99684
22.698544176115348,1,Banlieue,238781
118.91517709729625,4,Banlieue,192425
25.55614878805368,3,Centre,66011
132.40480609835694,4,Banlieue,111530
35.425879881690044,3,Périphérie,393816
42.34394657767015,5,Centre,58117
81.94844120819084,5,Banlieue,470413
115.9244539719365,5,Centre,88891
38.0702866758801,2,Périphérie,409657
77.2092397586448,3,Périphérie,454377
82.77066567331363,2,Centre,473511
47.597133416916876,4,Centre,440364
35.022588968482125,2,Périphérie,179397
128.73471998813312,4,Centre,199889
85.32053446915953,4,Périphérie,241945
21.869560677939887,4,Périphérie,112683
124.3875691701835,2,Banlieue,60022
147.50319470389604,3,Centre,441104
98.77040540385215,2,Centre,299357
85.48209032092919,3,Banlieue,323925
134.19406219584502,3,Périphérie,467144
143.82718265899783,4,Centre,349304
118.08979906731987,2,Banlieue,360884
77.90888086545742,3,Banlieue,404135
96.98878191308727,5,Centre,102356
111.1215974523399,3,Banlieue,212072
45.255564230234185,5,Périphérie,485693
78.13613418813694,2,Banlieue,465318
127.87676441324705,2,Périphérie,447833
105.1142953047976,2,Périphérie,253439
73.45652873754103,3,Centre,435736
106.23712942190858,1,Banlieue,71778
35.36891356941978,3,Périphérie,116832
72.19468937343393,3,Périphérie,236285
123.10670993519733,4,Banlieue,267526
48.66614232776424,4,Périphérie,168578
44.174995982464296,3,Banlieue,210414
143.6064257891361,5,Centre,123249
47.28669184620999,4,Périphérie,270110
53.919415354521846,3,Périphérie,407229
146.05007205756394,1,Banlieue,347612
115.51211413445334,5,Banlieue,98506
110.94754929305867,2,Banlieue,269411
130.88042990109557,3,Banlieue,363940
35.057000690783255,3,Périphérie,288452
111.77431075540093,5,Centre,226254
85.47951921267105,4,Centre,329861
127.78958323693818,4,Centre,485887
86.05842342647526,4,Centre,92708
100.63137605495858,2,Banlieue,225507
82.10647643193968,5,Périphérie,232972
82.16066006225974,5,Périphérie,309635
119.8360971480381,4,Périphérie,118478
101.71363208414681,4,Banlieue,129489
102.32421620922335,1,Périphérie,178412
78.53672289809836,1,Banlieue,480141
89.04423452387859,3,Périphérie,380348
116.94329660662235,3,Centre,347761
127.37231948454937,5,Banlieue,417630
110.552982278726,5,Périphérie,107409
140.1294885499388,2,Centre,436699
126.64213145913612,2,Centre,317674
93.0422926752374,1,Centre,200898
107.28278944368579,3,Banlieue,417134
140.42007599975548,1,Banlieue,411154
100.4918457515976,1,Périphérie,430568
127.22490323737799,3,Centre,101983
109.54536546669831,2,Périphérie,486212
91.75172693786065,3,Périphérie,481831
51.43896540399591,4,Centre,210861
75.37967753089566,4,Périphérie,79652
145.80656722838302,4,Banlieue,125175
105.509499825438,5,Périphérie,496773
93.37139944406864,2,Centre,303355
141.28436131866954,2,Banlieue,210479
96.24653153486834,5,Banlieue,179691
88.39072739426238,1,Périphérie,165646
118.71041116952668,4,Périphérie,348868
112.64653046825077,4,Banlieue,238724
45.110801093096256,1,Périphérie,484434
81.27007569463575,3,Centre,357729
81.42700756654608,3,Périphérie,406420
69.16918698163482,2,Périphérie,181733
87.24815267979291,5,Banlieue,85633
73.70396170452875,2,Périphérie,269520
45.91491363125381,3,Périphérie,191561
73.60764334570854,1,Périphérie,140937
29.396003184512956,2,Centre,478688
94.8521621606735,4,Périphérie,249794
130.97509136234456,4,Centre,128618
114.28732096609218,1,Centre,139392
66.85122520703446,3,Centre,176319
31.319256725050064,4,Centre,499692
46.2794218992852,4,Banlieue,170605
90.91374426432864,5,Centre,197960
46.917420839794275,2,Périphérie,346697
90.71650446704578,3,Centre,182282
50.10787321930686,2,Périphérie,147111
130.36010303188948,3,Centre,121386
71.64529146925976,4,Banlieue,190707
51.921581372783834,5,Centre,97662
125.60240343211801,2,Centre,58390
64.5690654247086,4,Banlieue,412088
34.49339941904165,3,Centre,112052
94.15323388247342,2,Périphérie,399189
95.60334657693853,2,Centre,408894
112.91043778064544,4,Centre,292063
51.22852631709013,2,Centre,189356
77.69027408199186,5,Banlieue,115264
56.70782947554531,5,Centre,381562
30.523985695039457,4,Centre,320624
133.9597975120659,3,Périphérie,344954
114.75307458348435,4,Centre,53901
59.19019772964409,5,Centre,467382
97.91848907335822,1,Centre,79830
46.164292457481416,1,Centre,215062
135.73076083345023,2,Périphérie,231220
34.93782463704834,2,Périphérie,50609
20.498828916014116,1,Banlieue,273690
85.26106570609367,5,Centre,388764
95.80661704887301,2,Banlieue,420470
95.26549163845458,4,Banlieue,445728
27.086550566917417,4,Centre,269473
60.825694899396225,5,Périphérie,333786
84.89586308937314,2,Périphérie,85783
48.15529413154131,4,Centre,269617
133.4413651131665,2,Centre,119667
31.324207629986425,2,Périphérie,216339
83.35997741736557,4,Centre,198187
109.88408747670977,1,Centre,240593
54.02764301748272,4,Centre,307236
101.15129580967736,5,Périphérie,456294
127.82006951850869,3,Banlieue,227518
44.74380676235618,4,Banlieue,491509
139.23867693723219,2,Centre,391562
91.96260924610654,2,Périphérie,280166
58.90016055913787,4,Centre,339811
76.0115757996952,3,Périphérie,96000
60.58494489223043,4,Centre,430034
114.26445079133109,3,Périphérie,312060
123.51908624396718,3,Périphérie,493730
128.28186100142594,5,Banlieue,336392
148.14987244614636,2,Centre,425350
122.86695802456886,2,Banlieue,409893
98.17992918951323,3,Banlieue,205457
64.09863879093189,2,Périphérie,166824
90.79740833239742,1,Centre,243722
25.338862462752704,3,Périphérie,260258
116.82725981888869,2,Périphérie,158038
77.97422086197324,1,Périphérie,452569
22.60301986518439,5,Centre,294146
28.125902396353403,2,Centre,490299
70.37064029682836,1,Périphérie,414508
95.84479747239656,4,Centre,300067
80.34651336377647,4,Périphérie,476168
100.49656124798013,1,Centre,277193
82.43825364287625,3,Centre,449197
106.02149991257508,3,Banlieue,211165
48.48638840720412,2,Périphérie,220389
34.66961433387078,4,Banlieue,238158
97.5364141013358,3,Banlieue,295981
83.00963720171997,3,Périphérie,299070
23.492795025841588,4,Périphérie,273379
69.46264511409467,5,Centre,187700
33.796326113829416,3,Périphérie,467242
89.07638812785038,1,Banlieue,314863
71.451098355856,2,Banlieue,233482
99.70974844339233,3,Périphérie,343029
124.72828844013098,3,Banlieue,395585
58.95692889939381,5,Centre,482327
145.07327354145357,1,Banlieue,274797
89.63248507638468,2,Centre,100444
100.37780383812243,3,Banlieue,248344
108.48740851934582,2,Centre,265536
106.67509888148668,4,Centre,453647
86.42619659585807,3,Périphérie,227660
75.73935784490885,3,Centre,478995
26.99165534305913,4,Périphérie,268309
22.87115988915337,5,Banlieue,488201
66.53495528925941,3,Banlieue,53689
63.37591578238004,2,Banlieue,454466
70.40037012907088,1,Centre,469004
37.9878661154647,2,Banlieue,482459
115.96187516978968,5,Banlieue,55884
131.40537392091107,1,Périphérie,127265
142.03290259862456,2,Périphérie,344194
84.00709945755136,2,Banlieue,61462
111.11254088630572,4,Banlieue,78624
131.2216460466634,5,Centre,149485
74.37784444215316,4,Centre,280597
60.223663333157766,1,Banlieue,295656
141.77419226095373,4,Périphérie,65417
87.0379516400195,5,Banlieue,126665
84.64300525681413,3,Centre,274867
43.19409255325445,3,Périphérie,317273
34.060151894536375,1,Périphérie,116780
129.4738921228565,3,Centre,229478
99.83731290437734,4,Banlieue,456980
62.357195922528334,1,Banlieue,499504
44.92570826073464,5,Banlieue,494246
92.21464642205208,1,Centre,446753
95.90950760394759,1,Périphérie,227597
46.909168161857565,2,Centre,358958
130.6827472258916,2,Banlieue,237466
30.954367600260642,1,Centre,341837
66.29210107163482,3,Périphérie,189244
108.44997378912788,2,Centre,322791
55.63564729649609,5,Banlieue,285691
127.59777532156534,4,Périphérie,61016
116.18281745805245,2,Centre,405816
122.57296979125745,1,Centre,55354
35.48384966397312,3,Périphérie,181920
38.27112663942058,4,Périphérie,52665
57.24158590679587,2,Banlieue,219290
87.35003147568294,3,Périphérie,78422
117.24208997092231,3,Banlieue,461079
128.74901579891747,3,Centre,237055
111.56359107443346,1,Banlieue,256773
140.717594598983,5,Centre,207432
116.03665625007093,3,Périphérie,332377
59.814825310599915,4,Centre,402983
54.46056696401443,2,Périphérie,341666
110.50501853914169,4,Centre,386693
45.073173929649855,1,Centre,457688
32.05292540533509,1,Centre,438595
89.18897373130521,4,Centre,353326
126.81340407126419,5,Banlieue,146587
33.17937952108226,1,Centre,336966
122.9458720934448,1,Banlieue,277737
125.50436056570125,4,Périphérie,372748
82.69562001060066,1,Périphérie,424819
27.450340301363283,5,Banlieue,384224
42.69668066213423,5,Périphérie,430952
111.96541577105121,5,Périphérie,78739
112.53113284882343,2,Centre,64229
136.7861857717965,5,Centre,166325
95.74919905209578,5,Centre,455299
36.13395780279106,2,Banlieue,420646
35.783937715646374,3,Banlieue,357227
113.74720645638708,1,Périphérie,365341
43.89200646402715,5,Centre,377001
62.690114950158694,1,Banlieue,474171
83.33756089984881,4,Banlieue,424486
23.219434084899657,1,Centre,330525
52.34647351259114,2,Banlieue,349571
73.0256491059464,1,Centre,146183
56.352721404116814,1,Périphérie,345793
37.72814257078356,1,Périphérie,241105
114.64159351350565,3,Périphérie,118832
125.70919517183805,3,Centre,412881
53.472266898684225,4,Banlieue,279611
120.67453429881944,2,Périphérie,489841
70.1219633721708,1,Périphérie,176755
85.86915281102036,1,Périphérie,266301
131.28013973610985,1,Banlieue,251597
117.49397863431302,1,Banlieue,104350
124.6651906711031,3,Centre,241751
37.78987165622638,4,Périphérie,179399
29.06352535838483,5,Banlieue,122144
136.14261478143834,2,Centre,176970
70.41845504424226,1,Périphérie,154963
57.42435814905851,4,Banlieue,380333
114.21051305403718,5,Banlieue,63848
128.73402755538137,4,Centre,327858
132.12365084677913,3,Périphérie,392297
61.079628346279556,5,Périphérie,266325
130.7876108562176,4,Banlieue,469204
25.3214127686649,3,Périphérie,368546
26.455993889763455,4,Centre,386565
101.05749537264008,4,Banlieue,138620
28.20382798502101,5,Banlieue,399783
62.199191906321,3,Centre,424442
107.45827821210013,1,Banlieue,212569
63.844696487049426,2,Périphérie,146013
43.34797158721247,5,Périphérie,223272
56.575580840999415,3,Banlieue,382823
79.48479319255614,4,Centre,237937
81.80016119621271,3,Centre,381493
121.79003007513626,2,Périphérie,101104
117.51991982609663,2,Centre,412705
79.38631459229757,1,Banlieue,163943
129.93675538284026,1,Banlieue,162018
34.85082801688146,2,Périphérie,315671
53.19593552975719,5,Périphérie,81553
127.6369402552927,5,Périphérie,61833
69.13922502139991,4,Centre,167462
147.5536026431995,1,Banlieue,292130
80.6129265986186,4,Banlieue,458427
122.95163098528933,1,Banlieue,430895
72.29991537970835,2,Périphérie,270700
75.24395747811596,5,Banlieue,66673
69.77480914694385,5,Centre,290863
113.47983066640553,2,Centre,367158
91.17732492779928,4,Banlieue,202624
142.69115447788798,4,Périphérie,99978
52.61574114943362,3,Banlieue,175355
33.07315517084777,1,Centre,397214
71.12399306289798,4,Centre,208059
100.17265199408088,2,Centre,415391
131.90386179901435,4,Banlieue,193784
65.00559526844259,5,Centre,123599
104.99227764618001,1,Périphérie,246131
65.52582853301848,3,Banlieue,253523
100.23854578927956,1,Banlieue,57248
135.02503311398462,5,Centre,102670
50.07649349372318,5,Centre,133216
72.55141347391509,5,Périphérie,101114
149.12447553586705,5,Banlieue,203686
132.91241367242992,2,Centre,484080
93.40318152650626,3,Périphérie,279150
87.16158694105579,5,Centre,332400
56.99804969960853,5,Banlieue,210373
87.23722560015882,4,Centre,195569
130.26359477639312,3,Banlieue,60416
109.07268672611147,1,Centre,275150
57.70572366313826,3,Banlieue,267624
46.19030973695928,3,Périphérie,121023
54.47710980958779,3,Banlieue,393945
42.06869618106745,5,Périphérie,271703
32.43329048308307,5,Banlieue,202547
74.48770267746715,2,Périphérie,116109
34.7289485717748,1,Centre,298472
42.348632504523565,4,Banlieue,388767
91.1522089641332,3,Centre,176899
41.39790558094471,1,Périphérie,148457
28.30436976601737,1,Banlieue,284870
61.260550503625076,2,Banlieue,119904
48.64148282085578,4,Centre,349976
86.98967443926898,3,Banlieue,322404
33.307720995817206,4,Banlieue,89186
117.73020239878716,2,Centre,66434
137.81035752656803,5,Banlieue,329129
116.64657261430527,1,Centre,182432
89.26751486218126,3,Centre,88900
131.88681683255507,5,Centre,391742
110.33938937159597,2,Centre,191319
21.37164591852468,4,Centre,256819
71.2317198606854,1,Périphérie,156565
130.623746922884,3,Périphérie,332292
64.96165153678501,5,Centre,185669
24.577972558318056,5,Périphérie,485609
117.0033530117954,1,Périphérie,366326
124.26497513677292,4,Banlieue,111525
40.87718035563012,2,Centre,237512
89.85426458961355,4,Périphérie,223439
44.95420706944435,4,Banlieue,290411
113.50047447573908,4,Banlieue,428868
55.30155917307314,1,Centre,312539
61.10796593323291,1,Centre,77700
129.84621097321318,2,Banlieue,344937
81.92190578689755,4,Centre,53719
107.06807865837222,1,Centre,400982
72.3084965939208,2,Banlieue,349986
58.7408914351882,2,Banlieue,188953
101.31214785520598,4,Centre,181598
40.13148463024677,3,Périphérie,409222
68.4899786236922,4,Centre,402501
47.174814860169896,3,Périphérie,208536
110.45334570229691,2,Banlieue,184526
142.747148984994,1,Périphérie,301921
149.41642584206264,5,Banlieue,53764
78.53598535740679,2,Centre,87200
52.82895065273778,1,Centre,106776
77.56781814996214,2,Banlieue,133435
130.1450232951541,4,Banlieue,280408
46.78073821176518,3,Banlieue,496508
143.7724347148801,2,Centre,343676
64.44254994375963,1,Centre,77584
148.15447572853964,4,Périphérie,286510
129.0191553794151,5,Banlieue,273490
125.11416943916075,4,Périphérie,114875
61.32760759052687,3,Centre,464122
21.14103755323083,4,Périphérie,248344
69.67727814737842,5,Périphérie,497551
59.235218056150174,1,Centre,239032
24.86160875314365,2,Centre,323580
85.69748334577086,3,Banlieue,97143
72.39407046675575,5,Périphérie,254402
102.49234080639822,3,Centre,157444
100.75422188523082,4,Centre,426004
35.697062666568414,3,Périphérie,402763
147.00552099646092,5,Centre,420880
44.3010858273881,2,Banlieue,375624
77.8856232194116,2,Banlieue,424707
83.45528064638555,3,Périphérie,140372
125.69816363783562,1,Banlieue,253419
32.899847492304076,3,Centre,361331
75.72375629710913,4,Centre,336826
101.70528213070651,2,Centre,372359
47.97023081112722,2,Centre,150916
101.57082683958946,2,Périphérie,94295
140.07642888145483,1,Banlieue,462562
149.67735705244775,1,Banlieue,302077
24.218639982787842,5,Centre,119221
50.62646967180808,3,Périphérie,407046
60.33992505292067,3,Centre,461718
71.8863930578456,4,Centre,126303
51.49343048601976,2,Périphérie,417835
46.45343929219062,1,Périphérie,469951
144.091999514275,4,Centre,472262
139.40780836016734,4,Banlieue,461370
26.10902513040527,1,Centre,295889
64.04569280863026,3,Banlieue,210295
72.66931197819287,2,Banlieue,53272
51.07188950657263,3,Périphérie,77410
101.75347660846282,4,Périphérie,242977
103.24949706375133,2,Centre,229696
130.56554968271763,5,Banlieue,133121
116.31300489007832,4,Banlieue,227966
90.53453250557423,3,Centre,128592
104.96628010577459,3,Centre,431956
55.61854160059235,3,Centre,184187
97.09730469575649,1,Périphérie,319353
83.5995431174895,4,Centre,276279
37.33478075112815,2,Centre,73346
51.53075595578619,3,Banlieue,474005
57.92014859380618,3,Centre,287251
140.16024371683255,1,Banlieue,196275
49.95026312016563,2,Banlieue,121156
57.60170736655686,4,Périphérie,202336
68.0160369116262,5,Centre,59230
106.28655602130031,1,Centre,213601
35.370991021378266,4,Banlieue,289168
144.01287762419088,5,Périphérie,442339
132.5242586123194,3,Périphérie,359318
95.03808949116352,3,Centre,100212
107.62492276524438,2,Banlieue,116485
22.165861261748077,5,Centre,242655
64.06282079529834,3,Centre,138068
123.43582998598745,3,Centre,62532
30.072786593010164,2,Centre,412256
56.70079844739362,4,Banlieue,58785
96.08858768346047,3,Périphérie,423810
53.33369360086243,1,Centre,114846
141.4171366387875,1,Centre,488605
37.03762200455775,4,Centre,321743
123.66126652801121,5,Centre,380742
86.03332994783307,2,Périphérie,99717
117.54300085659428,1,Périphérie,437946
60.39299268048816,1,Périphérie,427636
86.88364830056504,4,Périphérie,343846
131.38859546401292,5,Centre,276023
80.69415288600356,5,Banlieue,374670
66.76358204833505,4,Périphérie,52667
89.70020021285569,1,Périphérie,316598
113.2571578947277,2,Centre,431332
77.66323491480536,1,Centre,210604
142.05400676849547,5,Centre,98730
58.34295712550446,1,Centre,239394
81.81026880198566,2,Banlieue,377197
118.40059571438739,3,Banlieue,98285
109.58574176444857,1,Périphérie,142721
132.2733368142303,4,Banlieue,116398
149.58519348854415,3,Périphérie,408626
75.49158274336165,4,Périphérie,78301
34.449614371830535,4,Banlieue,358963
23.954064505035838,4,Périphérie,214905
114.49399779817031,1,Centre,390106
133.62177727013304,5,Périphérie,483972
48.69263617277443,3,Centre,101545
40.598244834687776,2,Banlieue,191473
28.086661898339827,5,Banlieue,414556
126.95137982323683,1,Périphérie,169771
60.47965218603596,4,Centre,146804
72.22059605877095,2,Périphérie,421420
85.3575249092496,3,Banlieue,494187
129.1289204472416,5,Périphérie,300596
104.60831880299304,5,Périphérie,175121
99.95840188151547,2,Centre,229354
42.83737299426839,1,Banlieue,126558
86.71468592227787,3,Périphérie,392849
112.99953223322518,2,Centre,398063
146.5239147939639,4,Périphérie,443804
46.18282019773579,3,Centre,61971
21.240635898739463,5,Centre,302891
29.789186367801065,2,Périphérie,146414
68.8608204736573,5,Banlieue,203397
126.67080420697833,5,Banlieue,403230
20.928470629871857,5,Centre,136415
79.37497707515924,1,Banlieue,337253
62.79997999438129,5,Centre,344554
26.822622312964583,4,Banlieue,479342
78.53071726744025,4,Périphérie,398822
53.11733195377345,3,Banlieue,411635
65.74502846511083,5,Centre,289220
111.7299896219581,5,Centre,134051
87.80162790842573,2,Banlieue,241503
36.20416576906574,1,Périphérie,297270
144.98389025507308,3,Centre,355288
102.66839954226599,5,Centre,323469
119.5628953361291,2,Centre,227290
30.297709501088207,1,Centre,169390
26.117589329802456,3,Centre,125703
22.528246547850554,3,Périphérie,362230
44.54322361054778,5,Banlieue,340429
73.87309170340437,3,Périphérie,359317
141.65739734236695,2,Périphérie,217637
79.41775570455093,3,Centre,168083
57.733163698428825,4,Périphérie,391874
93.05158295755623,2,Centre,398141
34.5514951575226,1,Périphérie,255027
99.23576583064782,1,Centre,325356
93.89615406296544,5,Centre,218083
122.95909434274226,5,Périphérie,365876
148.26938951021313,4,Périphérie,426074
52.61355132309437,1,Banlieue,359704
86.25533860448888,1,Banlieue,280662
138.15250282147048,1,Banlieue,256396
122.07468497496937,1,Périphérie,339043
83.362819403105,3,Périphérie,355914
142.89831444992112,2,Centre,301428
27.44077015718522,2,Banlieue,331224
141.0298205626359,4,Centre,93464
26.56596100976485,3,Centre,478294
91.14961673490896,1,Centre,405847
135.75732324014115,1,Centre,218267
54.153722662969365,5,Banlieue,303265
81.39230486287062,5,Centre,71296
62.16275428780566,4,Périphérie,68552
143.77870921992567,1,Périphérie,162859
127.0739273179018,4,Périphérie,360365
112.17019647242934,3,Banlieue,433466
96.39150825996413,2,Centre,301633
126.67693261213925,1,Banlieue,289459
70.99471539806112,3,Centre,231039
78.18174116378805,1,Banlieue,122719
114.90022374051199,5,Banlieue,103259
66.50811922818285,4,Centre,392305
28.307122466288597,5,Banlieue,467376
29.663499155189292,2,Centre,256227
34.9971641697415,5,Périphérie,346750
133.05857203467616,1,Périphérie,461505
81.38943534830656,5,Périphérie,90551
112.67470801481574,1,Banlieue,396716
71.07821362863612,2,Périphérie,327567
53.63242316403248,5,Centre,319386
65.13498178308755,4,Périphérie,181643
123.24370489123386,4,Périphérie,357752
101.27809625408696,4,Banlieue,407658
141.89317139452726,5,Centre,100786
108.36162121498842,5,Banlieue,290084
94.12361212811021,5,Banlieue,95569
99.32548116815849,1,Centre,442658
142.5082871308939,2,Banlieue,278436
122.46612088267179,4,Centre,413584
23.125360857636917,1,Périphérie,215638
89.43816049764064,4,Centre,106285
109.48399350105343,1,Centre,68674
117.33080219709015,5,Centre,176679
47.708475510811766,4,Banlieue,159905
132.7330560786758,5,Centre,302158
144.2596091327713,4,Centre,59782
50.77298975983307,3,Centre,284256
134.74000947724195,1,Périphérie,226297
32.6072391270924,3,Centre,309705
27.241888694981874,1,Banlieue,366087
36.79909401335742,2,Centre,335341
27.50634033071468,4,Centre,493089
129.85159083025087,2,Périphérie,112219
27.676518779575353,2,Centre,243381
55.31634487727521,1,Banlieue,241173
33.48832465966133,3,Centre,237673
58.40486472078945,5,Banlieue,348709
31.772730788119663,1,Périphérie,270422
106.84042259659182,5,Centre,282844
37.33248612453477,2,Périphérie,244560
130.7399703590554,5,Centre,496264
126.23483659446333,3,Banlieue,467402
21.776019111179224,1,Périphérie,188475
136.4444262169649,3,Centre,100217
23.762761176637717,3,Banlieue,427894
51.15395204448236,1,Périphérie,498726
24.210587910879358,3,Centre,181674
63.65965331511108,4,Périphérie,211003
86.8026483427253,4,Centre,473734
123.56383297196795,4,Banlieue,370008
63.9376015610787,5,Banlieue,183037
111.71370320750518,3,Périphérie,311470
44.37557942546744,1,Périphérie,474903
117.57779937673644,1,Centre,415315
50.67955876820088,5,Banlieue,383824
38.66081827268983,1,Centre,381648
44.103150548627056,4,Banlieue,130109
43.668206754641204,3,Périphérie,421106
86.67217431900885,1,Centre,174253
129.823685554459,1,Centre,468664
30.348660009025732,2,Banlieue,214087
111.90432140414495,2,Banlieue,435947
105.06503975487149,2,Banlieue,169805
133.42759373781712,3,Périphérie,281537
51.73918286589794,4,Centre,98098
78.51428162905384,4,Banlieue,347053
140.35755867765727,4,Périphérie,426235
105.79914851759123,3,Banlieue,373301
70.5398936720076,3,Centre,285466
37.083609771184896,2,Banlieue,70302
54.12305102707683,1,Centre,470048
95.55801207361982,5,Périphérie,367470
113.36183318286679,5,Périphérie,385638
36.17484529074615,1,Banlieue,407606
97.94764380572703,2,Centre,386484
91.54566624903764,1,Centre,248502
86.81420806979204,1,Centre,380129
109.71600529866103,5,Banlieue,331262
128.86844736085004,2,Centre,434307
61.98865881299289,3,Centre,411106
135.57158471442472,5,Centre,68618
40.88236964041159,3,Centre,220499
42.49310306765136,2,Banlieue,65622
54.68036827111011,1,Banlieue,95933
35.539013041120114,4,Centre,320634
49.94149920877409,4,Centre,443219
33.8335291773698,2,Périphérie,103921
126.82781420810075,4,Périphérie,252990
38.0659689452612,3,Centre,459895
117.14868248278138,4,Centre,416435
26.228802828733386,2,Périphérie,283850
143.30764257680897,2,Périphérie,397207
112.4508113786096,3,Centre,285212
20.88355131619453,4,Banlieue,121141
119.30134502602782,4,Banlieue,106131
86.8306496996041,1,Centre,134765
121.31747214356557,5,Centre,207914
87.9245851557765,2,Périphérie,468738
103.33323149259611,1,Périphérie,409855
122.22311520135526,2,Banlieue,244760
72.66404709642137,1,Centre,271884
20.35205947665877,5,Périphérie,169524
130.4930444728745,1,Banlieue,366958
69.51574714120613,2,Banlieue,411244
84.4855543821558,4,Banlieue,157507
21.009663480015934,2,Périphérie,68819
83.97196134551274,3,Périphérie,330750
148.24336220432485,3,Centre,303130
56.17479590644005,3,Centre,230959
71.40437513150914,3,Banlieue,339752
109.33469954092796,5,Banlieue,297775
125.92317677807563,4,Périphérie,162761
74.26091112079304,4,Périphérie,228978
60.25695315216803,2,Centre,242651
141.91735399805873,1,Centre,446111
108.028845667317,2,Centre,482406
35.47276958410834,2,Périphérie,451850
28.96062415750432,2,Banlieue,373630
82.86148060274797,2,Centre,313246
48.61170858614542,4,Centre,360167
53.018017938912955,1,Périphérie,472599
134.0999832476203,2,Centre,162499
31.643583161120386,4,Banlieue,290804
112.99733497975565,2,Périphérie,360323
55.24849293947645,3,Centre,355661
118.8426687825379,2,Centre,163525
113.91347998026079,2,Périphérie,314029
20.960947187758094,5,Périphérie,408160
86.18760367980789,3,Centre,263785
38.111532709146026,1,Banlieue,406984
132.60951397522797,2,Périphérie,211947
133.30616477211285,1,Banlieue,472442
74.38495497418855,3,Centre,290267
77.77143039864046,2,Banlieue,318176
59.42678212258853,5,Centre,64112
113.15881886480403,4,Centre,126621
66.6259771934397,5,Centre,334820
54.81302168794239,5,Centre,238941
76.19003773558607,4,Banlieue,278673
31.893377390369636,4,Centre,78337
117.0584166037465,4,Centre,425360
21.637532165332306,2,Banlieue,403027
103.7830579976772,1,Périphérie,133409
43.772388478133415,1,Banlieue,335448
50.212526007873706,4,Banlieue,418241
102.63215982320519,5,Banlieue,338384
149.08265055177793,3,Centre,189679
121.10327357943159,4,Centre,345250
49.359152189040955,5,Centre,144707
42.88321815534739,5,Périphérie,193214
132.61027313479715,2,Centre,158031
77.74391322979557,2,Périphérie,300616
37.81686436766021,1,Centre,98701
132.08748503185194,1,Banlieue,469989
126.09200587885398,3,Centre,200080
147.90782730663125,3,Périphérie,148536
138.2666792726489,3,Périphérie,273447
130.73274402587043,3,Centre,174649
26.83467171543041,5,Banlieue,290706
33.57399803475534,5,Centre,206829
93.96781525953597,1,Centre,109430
89.09230201663671,2,Centre,169652
79.5352178836396,2,Banlieue,247297
71.58261230389596,4,Périphérie,63631
76.05736303236276,5,Banlieue,396789
